bmi,q1,q2,q3,q4,q5,q6,q7,q8,q9,q10,q11,q12,q13,q14,q15,q16,q17,q18,q19,q20,q21,q22,q23,q24,q25,q26,q27,q28,q29,q30,q31,q32,q33,q34,q35,q36,q37,q38,q39,q40,q41,q42,q43,q44,q45,q46,q47,q48,q49,q50,q51,q52,q53,q54,q55,q56,q57,q58,q59
24.409999847,2,1,3,,,,,,,,,,,,,,,,,,,,,,,,,,,,,,,,,,,,,,,,,,,,,,,,,,,,,,,,
27.88999939,2,1,2,,,,,,,,,,,,,,,,,,,,,,,,,,,,,,,,,,,,,,,,,,,,,,,,,,,,,,,,
34.970001221,2,1,0,,,,,,,,,,,,,,,,,,,,,,,,,,,,,,,,,,,,,,,,,,,,,,,,,,,,,,,,
27.209999084,5,1,1,,,,,,,,,,,,,,,,,,,,,,,,,,,,,,,,,,,,,,,,,,,,,,,,,,,,,,,,
29.760000229,6,1,0,0,0,1,1,0,0,0,1,2,0,1,1,4,1,8,5,7,1,,1,0,0,,,1,14,1,1,,5,1,0,1,0,2,1,2,0,1,0,1,1,7,6,0,0,,,,1,0,,1,5,1,1
27.450000763,2,1,2,0,0,0,0,5,1,0,,,,,,,,,,,,,,,,,,,,,,,,,,,,,,,,,,,,,,,,,,,,,,,,,
30.120000839,2,1,0.25,,,,,,,,,,,,,,,,,,,,,,,,,,,,,,,,,,,,,,,,,,,,,,,,,,,,,,,,
45.509998322,7,1,1,,,,,,,,,,,,,,,,,,,,,,,,,,,,,,,,,,,,,,,,,,,,,,,,,,,,,,,,
29.75,3,1,2,,,,,,,,,,,,,,,,,,,,,,,,,,,,,,,,,,,,,,,,,,,,,,,,,,,,,,,,
40.099998474,3,1,1,0,,,,,,,,,,,,,,,,,,,,,,,,,,,,,,,,,,,,,,,,,,,,,,,,,,,,,,,
38.580001831,5,1,0,1,,,,,,,,,,,,,,,,,,,,,,,,,,,,,,,,,,,,,,,,,,,,,,,,,,,,,,,
32.5,2,1,2,1,0,1,,,,,,,,,,,,,,,,,,,,,,,,,,,,,,,,,,,,,,,,,,,,,,,,,,,,,
25.049999237,6,1,1,1,0,1,,,,,,,,,,,,,,,,,,,,,,,,,,,,,,,,,,,,,,,,,,,,,,,,,,,,,
42.36000061,5,1,1,0,0,1,,,,,,,,,,,,,,,,,,,,,,,,,,,,,,,,,,,,,,,,,,,,,,,,,,,,,
23.379999161,5,1,0,0,0,0,,,,,,,,,,,,,,,,,,,,,,,,,,,,,,,,,,,,,,,,,,,,,,,,,,,,,
26.309999466,4,1,1,0,0,0,,,,,,,,,,,,,,,,,,,,,,,,,,,,,,,,,,,,,,,,,,,,,,,,,,,,,
43.939998627,3,1,1,0,0,0,,,,,,,,,,,,,,,,,,,,,,,,,,,,,,,,,,,,,,,,,,,,,,,,,,,,,
35.659999847,7,1,3,0,0,1,,,,,,,,,,,,,,,,,,,,,,,,,,,,,,,,,,,,,,,,,,,,,,,,,,,,,
26.579999924,2,1,0,1,0,0,,,,,,,,,,,,,,,,,,,,,,,,,,,,,,,,,,,,,,,,,,,,,,,,,,,,,
30.86000061,1,1,0,0,0,0,0,0,0,1,1,1,1,0,1,,,,,,,,,,,,,,,,,,,,,,,,,,,,,,,,,,,,,,,,,,,,
24.659999847,1,1,0,0,0,0,,,,,,,,,,,,,,,,,,,,,,,,,,,,,,,,,,,,,,,,,,,,,,,,,,,,,
31.469999313,5,1,1,0,0,1,,,,,,,,,,,,,,,,,,,,,,,,,,,,,,,,,,,,,,,,,,,,,,,,,,,,,
25.420000076,1,1,1,0,0,1,,,,,,,,,,,,,,,,,,,,,,,,,,,,,,,,,,,,,,,,,,,,,,,,,,,,,
33.13999939,4,1,1,0,0,1,,,,,,,,,,,,,,,,,,,,,,,,,,,,,,,,,,,,,,,,,,,,,,,,,,,,,
41.5,5,1,1,0,1,1,,,,,,,,,,,,,,,,,,,,,,,,,,,,,,,,,,,,,,,,,,,,,,,,,,,,,
26.149999619,4,1,1,0,0,0,,,,,,,,,,,,,,,,,,,,,,,,,,,,,,,,,,,,,,,,,,,,,,,,,,,,,
28.739999771,2,1,1,0,0,0,,,,,,,,,,,,,,,,,,,,,,,,,,,,,,,,,,,,,,,,,,,,,,,,,,,,,
25.600000381,3,1,2,0,0,0,,,,,,,,,,,,,,,,,,,,,,,,,,,,,,,,,,,,,,,,,,,,,,,,,,,,,
23.600000381,3,1,5,1,0,1,,,,,,,,,,,,,,,,,,,,,,,,,,,,,,,,,,,,,,,,,,,,,,,,,,,,,
27.120000839,4,1,1,1,1,1,1,,,,,,,,,,,,,,,,,,,,,,,,,,,,,,,,,,,,,,,,,,,,,,,,,,,,
32.13999939,7,1,2,0,0,1,0,,,,,,,,,,,,,,,,,,,,,,,,,,,,,,,,,,,,,,,,,,,,,,,,,,,,
24.030000687,1,1,2,0,0,0,1,,,,,,,,,,,,,,,,,,,,,,,,,,,,,,,,,,,,,,,,,,,,,,,,,,,,
31.63999939,,1,1,,0,,,,,,,,,,,,,,,,,,,,,,,,,,,,,,,,,,,,,,,,,,,,,,,,,,,,,,
41.520000458,4,1,1,1,0,0,1,,,,,,,,,,,,,,,,,,,,,,,,,,,,,,,,,,,,,,,,,,,,,,,,,,,,
29.549999237,7,1,0.25,0,0,1,0,,,,,,,,,,,,,,,,,,,,,,,,,,,,,,,,,,,,,,,,,,,,,,,,,,,,
30.090000153,6,0,5,0,1,1,0,,0,,,,,,,,,,,,,,,,,,,,,,,,,,,,,,,,,,,,,,,,,,,,,,,,,,
23.120000839,2,1,3,1,0,0,0,,,,,,,,,,,,,,,,,,,,,,,,,,,,,,,,,,,,,,,,,,,,,,,,,,,,
25.11000061,3,1,0.5,0,0,0,0,0,0,,,,,,,,,,,,,,,,,,,,,,,,,,,,,,,,,,,,,,,,,,,,,,,,,,
26.620000839,3,1,1,0,0,0,0,0,0,,,,,,,,,,,,,,,,,,,,,,,,,,,,,,,,,,,,,,,,,,,,,,,,,,
24.540000916,4,1,4,0,1,0,0,3,0,,,,,,,,,,,,,,,,,,,,,,,,,,,,,,,,,,,,,,,,,,,,,,,,,,
26.629999161,5,1,1,0,0,0,0,1,0,,,,,,,,,,,,,,,,,,,,,,,,,,,,,,,,,,,,,,,,,,,,,,,,,,
20.090000153,3,0,0,0,0,0,0,0,0,,,,,,,,,,,,,,,,,,,,,,,,,,,,,,,,,,,,,,,,,,,,,,,,,,
19.239999771,2,1,1,0,0,1,0,0,1,,,,,,,,,,,,,,,,,,,,,,,,,,,,,,,,,,,,,,,,,,,,,,,,,,
38.38999939,6,1,2,0,0,1,1,2,1,,,,,,,,,,,,,,,,,,,,,,,,,,,,,,,,,,,,,,,,,,,,,,,,,,
26.260000229,,,,,1,,,,,,,,,,,,,,,,,,,,,,,,,,,,,,,,,,,,,,,,,,,,,,,,,,,,,,
36.799999237,5,1,0,0,0,0,0,3,1,0,,,,,,,,,,,,,,,,,,,,,,,,,,,,,,,,,,,,,,,,,,,,,,,,,
21.61000061,6,1,2,1,0,0,0,6,0,1,,,,,,,,,,,,,,,,,,,,,,,,,,,,,,,,,,,,,,,,,,,,,,,,,
42.11000061,5,1,2,1,1,1,0,1,0,1,,,,,,,,,,,,,,,,,,,,,,,,,,,,,,,,,,,,,,,,,,,,,,,,,
38.259998322,7,0,0,1,1,0,0,0,1,0,,,,,,,,,,,,,,,,,,,,,,,,,,,,,,,,,,,,,,,,,,,,,,,,,
45.61000061,6,1,2,0,0,1,0,0.5,0,1,,,,,,,,,,,,,,,,,,,,,,,,,,,,,,,,,,,,,,,,,,,,,,,,,
27.440000534,3,1,1,0,0,1,0,2,1,0,,,,,,,,,,,,,,,,,,,,,,,,,,,,,,,,,,,,,,,,,,,,,,,,,
39.86000061,1,0,3,0,0,1,1,2,1,0,,,,,,,,,,,,,,,,,,,,,,,,,,,,,,,,,,,,,,,,,,,,,,,,,
32.090000153,3,1,0,0,1,0,0,1,0,0,3,,,,,,,,,,,,,,,,,,,,,,,,,,,,,,,,,,,,,,,,,,,,,,,,
25.690000534,5,1,2,0,0,0,0,0,0,0,1,,,,,,,,,,,,,,,,,,,,,,,,,,,,,,,,,,,,,,,,,,,,,,,,
26.600000381,1,1,0,0,0,0,0,0.5,1,1,6,,,,,,,,,,,,,,,,,,,,,,,,,,,,,,,,,,,,,,,,,,,,,,,,
30.700000763,3,1,0,1,0,1,0,0,0,1,1,,,,,,,,,,,,,,,,,,,,,,,,,,,,,,,,,,,,,,,,,,,,,,,,
34.430000305,4,1,0,1,,,1,,,,,,,,,,,,,,,,,,,,,,,,,,,,,,,,,,,,,,,,,,,,,,,,,,,,
32.319999695,6,1,1,0,0,1,0,1,1,0,1,,,,,,,,,,,,,,,,,,,,,,,,,,,,,,,,,,,,,,,,,,,,,,,,
19.219999313,4,1,0,0,0,0,0,1,0,1,6,7,,,,,,,,,,,,,,,,,,,,,,,,,,,,,,,,,,,,,,,,,,,,,,,
24.209999084,5,1,2,0,1,0,0,1,1,0,2,6,,,,,,,,,,,,,,,,,,,,,,,,,,,,,,,,,,,,,,,,,,,,,,,
23.86000061,3,1,1,0,0,0,1,1,0,0,5,1,0,,,,,,,,,,,,,,,,,,,,,,,,,,,,,,,,,,,,,,,,,,,,,,
48.419998169,4,1,0,1,0,0,1,0.5,0,0,7,2,0,,,,,,,,,,,,,,,,,,,,,,,,,,,,,,,,,,,,,,,,,,,,,,
25.680000305,5,1,1,1,0,0,0,1,0,0,7,7,0,,,,,,,,,,,,,,,,,,,,,,,,,,,,,,,,,,,,,,,,,,,,,,
35.840000153,2,0,5,0,0,1,0,5,1,1,5,7,0,,,,,,,,,,,,,,,,,,,,,,,,,,,,,,,,,,,,,,,,,,,,,,
35.580001831,2,1,4,0,1,0,1,1,0,0,1,7,1,,,,,,,,,,,,,,,,,,,,,,,,,,,,,,,,,,,,,,,,,,,,,,
22.899999619,5,1,1,0,0,1,0,1,1,1,4,2,1,,,,,,,,,,,,,,,,,,,,,,,,,,,,,,,,,,,,,,,,,,,,,,
20.760000229,7,1,1,0,0,1,0,1,1,1,3,4,0,0,0,,,,,,,,,,,,,,,,,,,,,,,,,,,,,,,,,,,,,,,,,,,,
35.049999237,2,1,1,0,0,1,0,0,1,1,5,5,1,1,,,,,,,,,,,,,,,,,,,,,,,,,,,,,,,,,,,,,,,,,,,,,
29.950000763,7,1,1,1,0,0,0,1,1,0,4,7,1,0,1,,,,,,,,,,,,,,,,,,,,,,,,,,,,,,,,,,,,,,,,,,,,
34.970001221,1,1,0,0,0,1,0,0,0,0,7,1,0,0,2,,,,,,,,,,,,,,,,,,,,,,,,,,,,,,,,,,,,,,,,,,,,
23.030000687,,,0,,0,,,0,1,0,2,,0,0,,,,,,,,,,,,,,,,,,,,,,,,,,,,,,,,,,,,,,,,,,,,,
39.380001068,6,1,0,1,1,1,0,0,0,0,3,7,0,0,3,,,,,,,,,,,,,,,,,,,,,,,,,,,,,,,,,,,,,,,,,,,,
25.840000153,4,1,4,1,0,1,0,3,1,0,6,7,0,0,1,,,,,,,,,,,,,,,,,,,,,,,,,,,,,,,,,,,,,,,,,,,,
31.930000305,4,1,4,0,1,1,0,0,0,1,1,7,0,0,3,,,,,,,,,,,,,,,,,,,,,,,,,,,,,,,,,,,,,,,,,,,,
44.810001373,,,,,,,,,,,,,,,,,,,,,,,,,,,,,,,,,,,,,,,,,,,,,,,,,,,,,,,,,,,
34.080001831,3,1,2,0,0,1,0,1,1,0,5,1,0,0,3,,,,,,,,,,,,,,,,,,,,,,,,,,,,,,,,,,,,,,,,,,,,
36.029998779,6,1,0.5,0,0,0,0,0,1,0,3,6,0,1,2,,,,,,,,,,,,,,,,,,,,,,,,,,,,,,,,,,,,,,,,,,,,
26.340000153,2,1,2,1,0,1,0,19,1,1,6,7,0,0,2,,,,,,,,,,,,,,,,,,,,,,,,,,,,,,,,,,,,,,,,,,,,
36.310001373,1,1,3,0,0,1,1,4,0,0,5,1,1,0,1,,,,,,,,,,,,,,,,,,,,,,,,,,,,,,,,,,,,,,,,,,,,
23.530000687,5,1,1,0,0,1,0,2,1,1,6,5,0,0,1,,,,,,,,,,,,,,,,,,,,,,,,,,,,,,,,,,,,,,,,,,,,
32.490001678,4,1,2,0,0,1,0,3,1,0,6,7,0,0,2,,,,,,,,,,,,,,,,,,,,,,,,,,,,,,,,,,,,,,,,,,,,
28.690000534,5,1,3,0,1,1,1,1,1,1,1,6,1,0,2,,,,,,,,,,,,,,,,,,,,,,,,,,,,,,,,,,,,,,,,,,,,
27.200000763,5,1,1,0,1,0,0,1,0,1,3,7,0,0,2,,,,,,,,,,,,,,,,,,,,,,,,,,,,,,,,,,,,,,,,,,,,
24.959999084,5,1,2,0,0,1,1,0,1,1,2,7,0,0,3,,,,,,,,,,,,,,,,,,,,,,,,,,,,,,,,,,,,,,,,,,,,
27.690000534,3,1,3,1,0,1,0,4,1,1,3,7,0,0,4,,,,,,,,,,,,,,,,,,,,,,,,,,,,,,,,,,,,,,,,,,,,
27.260000229,1,1,0,0,0,1,1,0,1,0,7,3,0,0,1,,,,,,,,,,,,,,,,,,,,,,,,,,,,,,,,,,,,,,,,,,,,
31.299999237,,,2,,,,,,,,,,,,,,,,,,,,,,,,,,,,,,,,,,,,,,,,,,,,,,,,,,,,,,,,
20.670000076,1,1,1,0,0,0,0,1,1,0,6,1,0,1,1,,,,,,,,,,,,,,,,,,,,,,,,,,,,,,,,,,,,,,,,,,,,
30.170000076,2,1,2,1,0,1,0,2,1,1,6,2,0,0,2,,,,,,,,,,,,,,,,,,,,,,,,,,,,,,,,,,,,,,,,,,,,
39.869998932,,,,,,,,,,,,,,,,,,,,,,,,,,,,,,,,,,,,,,,,,,,,,,,,,,,,,,,,,,,
37.509998322,7,1,1,1,0,1,0,0,0,0,7,7,0,0,3,,,,,,,,,,,,,,,,,,,,,,,,,,,,,,,,,,,,,,,,,,,,
36.919998169,2,1,1,0,0,0,1,1,0,0,6,1,0,0,3,,,,,,,,,,,,,,,,,,,,,,,,,,,,,,,,,,,,,,,,,,,,
57.61000061,1,0,5,0,0,0,0,2,0,1,1,1,1,0,4,,,,,,,,,,,,,,,,,,,,,,,,,,,,,,,,,,,,,,,,,,,,
28.319999695,2,1,1,0,0,0,0,1,1,0,6,3,0,0,1,,,,,,,,,,,,,,,,,,,,,,,,,,,,,,,,,,,,,,,,,,,,
25.059999466,3,1,1,0,0,0,0,1,0,0,3,2,0,0,1,,,,,,,,,,,,,,,,,,,,,,,,,,,,,,,,,,,,,,,,,,,,
45.590000153,5,1,0,0,1,1,1,0,1,0,1,4,0,1,2,,,,,,,,,,,,,,,,,,,,,,,,,,,,,,,,,,,,,,,,,,,,
30.61000061,2,0,2,0,0,1,1,4,0,0,4,3,1,1,2,,,,,,,,,,,,,,,,,,,,,,,,,,,,,,,,,,,,,,,,,,,,
24.38999939,4,1,1,0,0,0,0,0,1,0,7,6,0,0,1,,,,,,,,,,,,,,,,,,,,,,,,,,,,,,,,,,,,,,,,,,,,
19.850000381,1,0,1,1,0,1,0,6,1,0,7,4,0,0,2,,,,,,,,,,,,,,,,,,,,,,,,,,,,,,,,,,,,,,,,,,,,
34.830001831,2,1,5,0,0,1,0,1,1,1,7,5,0,0,1,,,,,,,,,,,,,,,,,,,,,,,,,,,,,,,,,,,,,,,,,,,,
23.399999619,4,1,1,1,0,0,0,1,1,0,5,6,0,0,2,,,,,,,,,,,,,,,,,,,,,,,,,,,,,,,,,,,,,,,,,,,,
26.290000916,1,1,3,0,0,1,0,0,1,1,1,5,0,0,6,,,,,,,,,,,,,,,,,,,,,,,,,,,,,,,,,,,,,,,,,,,,
22.709999084,7,1,0,0,0,0,1,2,1,1,7,5,0,0,3,,,,,,,,,,,,,,,,,,,,,,,,,,,,,,,,,,,,,,,,,,,,
24.129999161,7,1,1,1,0,1,0,1,1,0,7,7,0,0,2,,,,,,,,,,,,,,,,,,,,,,,,,,,,,,,,,,,,,,,,,,,,
43.450000763,6,1,0,0,1,1,0,0,0,0,1,4,1,0,1,,,,,,,,,,,,,,,,,,,,,,,,,,,,,,,,,,,,,,,,,,,,
34.86000061,2,1,0,1,0,1,0,2,1,0,7,6,0,0,0,,,,,,,,,,,,,,,,,,,,,,,,,,,,,,,,,,,,,,,,,,,,
29.930000305,6,1,0,0,1,0,0,2,0,0,1,2,0,0,1,,,,,,,,,,,,,,,,,,,,,,,,,,,,,,,,,,,,,,,,,,,,
21.450000763,6,0,0,0,0,1,0,2,1,1,6,2,0,0,0,,,,,,,,,,,,,,,,,,,,,,,,,,,,,,,,,,,,,,,,,,,,
20.36000061,1,1,1,0,0,0,0,2,0,1,4,1,0,0,0,,,,,,,,,,,,,,,,,,,,,,,,,,,,,,,,,,,,,,,,,,,,
23.870000839,1,0,5,0,0,1,0,2,0,0,5,5,0,0,4,,,,,,,,,,,,,,,,,,,,,,,,,,,,,,,,,,,,,,,,,,,,
25.790000916,4,1,0,0,0,0,1,0,0,0,7,1,0,0,1,,,,,,,,,,,,,,,,,,,,,,,,,,,,,,,,,,,,,,,,,,,,
29.930000305,5,1,5,0,0,0,0,0,1,1,2,1,0,0,1,,,,,,,,,,,,,,,,,,,,,,,,,,,,,,,,,,,,,,,,,,,,
25.819999695,5,1,4,1,0,0,0,1,1,1,1,4,0,0,1,,,,,,,,,,,,,,,,,,,,,,,,,,,,,,,,,,,,,,,,,,,,
22.379999161,5,1,1,0,0,0,0,1,1,1,7,7,0,0,2,,,,,,,,,,,,,,,,,,,,,,,,,,,,,,,,,,,,,,,,,,,,
18.600000381,1,1,1,0,0,1,0,0,1,1,7,7,0,0,1,,,,,,,,,,,,,,,,,,,,,,,,,,,,,,,,,,,,,,,,,,,,
30.129999161,3,1,1,0,0,0,0,20,1,0,7,7,0,0,3,,,,,,,,,,,,,,,,,,,,,,,,,,,,,,,,,,,,,,,,,,,,
25.5,5,1,5,1,0,1,0,0,1,1,1,4,0,0,2,,,,,,,,,,,,,,,,,,,,,,,,,,,,,,,,,,,,,,,,,,,,
22.180000305,2,1,1,0,0,0,0,1,1,1,6,6,0,1,3,,,,,,,,,,,,,,,,,,,,,,,,,,,,,,,,,,,,,,,,,,,,
33.439998627,5,1,,0,1,1,0,,1,1,1,6,,0,,,,,,,,,,,,,,,,,,,,,,,,,,,,,,,,,,,,,,,,,,,,,
24.38999939,7,1,,,1,,0,,,,4,6,0,0,,,,,,,,,,,,,,,,,,,,,,,,,,,,,,,,,,,,,,,,,,,,,
36.470001221,7,1,1,0,0,0,1,0,1,0,7,5,0,0,4,,,,,,,,,,,,,,,,,,,,,,,,,,,,,,,,,,,,,,,,,,,,
26.149999619,5,1,1,0,0,0,0,2,0,1,3,3,0,0,,,,,,,,,,,,,,,,,,,,,,,,,,,,,,,,,,,,,,,,,,,,,
42.790000916,4,1,1,1,1,0,0,6,0,0,2,6,0,0,2,,,,,,,,,,,,,,,,,,,,,,,,,,,,,,,,,,,,,,,,,,,,
36.490001678,2,1,2,0,0,0,0,1,1,1,1,3,0,0,2,,,,,,,,,,,,,,,,,,,,,,,,,,,,,,,,,,,,,,,,,,,,
26.149999619,2,1,1,0,1,0,0,1,1,1,1,3,0,0,5,,,,,,,,,,,,,,,,,,,,,,,,,,,,,,,,,,,,,,,,,,,,
29.760000229,1,1,0,1,0,0,0,1,1,0,1,1,0,0,1,,,,,,,,,,,,,,,,,,,,,,,,,,,,,,,,,,,,,,,,,,,,
40.86000061,7,1,0,1,1,1,0,1,1,0,6,5,0,1,2,,,,,,,,,,,,,,,,,,,,,,,,,,,,,,,,,,,,,,,,,,,,
34.270000458,1,1,1,0,0,0,0,1,1,1,7,2,0,0,3,,,,,,,,,,,,,,,,,,,,,,,,,,,,,,,,,,,,,,,,,,,,
42.909999847,7,1,3,1,0,1,0,0,0,0,1,3,1,0,2,,,,,,,,,,,,,,,,,,,,,,,,,,,,,,,,,,,,,,,,,,,,
24.270000458,7,1,3,0,0,0,0,1,0,1,5,7,0,0,2,,,,,,,,,,,,,,,,,,,,,,,,,,,,,,,,,,,,,,,,,,,,
22.709999084,1,1,0,0,0,0,0,0,0,0,5,2,0,1,5,,,,,,,,,,,,,,,,,,,,,,,,,,,,,,,,,,,,,,,,,,,,
28.629999161,1,1,2,0,0,0,0,1,1,0,5,7,0,0,2,,,,,,,,,,,,,,,,,,,,,,,,,,,,,,,,,,,,,,,,,,,,
35.880001068,2,1,0,0,0,1,0,0,0,0,2,1,0,0,2,,,,,,,,,,,,,,,,,,,,,,,,,,,,,,,,,,,,,,,,,,,,
26,2,1,2,1,0,1,0,1,1,0,2,7,0,0,3,,,,,,,,,,,,,,,,,,,,,,,,,,,,,,,,,,,,,,,,,,,,
26.450000763,4,1,2,0,0,0,0,0,0,1,5,6,0,0,2,,,,,,,,,,,,,,,,,,,,,,,,,,,,,,,,,,,,,,,,,,,,
30.379999161,5,1,0.5,0,0,0,1,0,1,0,6,2,0,0,1.5,,,,,,,,,,,,,,,,,,,,,,,,,,,,,,,,,,,,,,,,,,,,
21.13999939,7,1,6,0,0,1,0,6,1,1,4,7,0,0,5,,,,,,,,,,,,,,,,,,,,,,,,,,,,,,,,,,,,,,,,,,,,
24.329999924,5,1,2,0,0,1,0,5,0,1,1,7,0,0,3,,,,,,,,,,,,,,,,,,,,,,,,,,,,,,,,,,,,,,,,,,,,
36.799999237,2,1,4,0,0,0,0,0,1,1,7,5,0,0,2,,,,,,,,,,,,,,,,,,,,,,,,,,,,,,,,,,,,,,,,,,,,
45.189998627,7,1,3,1,0,1,1,0,1,1,6,7,0,0,3,,,,,,,,,,,,,,,,,,,,,,,,,,,,,,,,,,,,,,,,,,,,
30.399999619,3,1,1,1,0,1,0,3,1,1,5,6,0,0,1,,,,,,,,,,,,,,,,,,,,,,,,,,,,,,,,,,,,,,,,,,,,
34.86000061,3,1,0.5,1,0,0,0,0.5,1,1,6,5,0,0,3,,,,,,,,,,,,,,,,,,,,,,,,,,,,,,,,,,,,,,,,,,,,
32.5,1,1,,,0,0,,,1,0,2,,,,,,,,,,,,,,,,,,,,,,,,,,,,,,,,,,,,,,,,,,,,,,,,
29.829999924,2,1,1,0,0,0,0,0,1,1,7,6,0,0,2,,,,,,,,,,,,,,,,,,,,,,,,,,,,,,,,,,,,,,,,,,,,
23.790000916,3,1,0,0,0,0,0,0,0,0,5,4,0,0,2,,,,,,,,,,,,,,,,,,,,,,,,,,,,,,,,,,,,,,,,,,,,
28.450000763,2,1,1,0,0,0,0,0,1,0,7,1,0,0,3,,,,,,,,,,,,,,,,,,,,,,,,,,,,,,,,,,,,,,,,,,,,
26.870000839,,,,,,,,,,,,,,,,,,,,,,,,,,,,,,,,,,,,,,,,,,,,,,,,,,,,,,,,,,,
29.049999237,1,1,0.25,0,0,1,0,0.125,1,0,1,2,0,0,1,,,,,,,,,,,,,,,,,,,,,,,,,,,,,,,,,,,,,,,,,,,,
32.220001221,6,1,2,0,0,1,0,1,1,1,7,7,0,0,3,,,,,,,,,,,,,,,,,,,,,,,,,,,,,,,,,,,,,,,,,,,,
20.659999847,1,0,5,0,0,1,0,2,1,1,5,7,0,0,3,,,,,,,,,,,,,,,,,,,,,,,,,,,,,,,,,,,,,,,,,,,,
30.850000381,3,1,1,0,0,0,0,1,1,0,6,7,1,0,1,,,,,,,,,,,,,,,,,,,,,,,,,,,,,,,,,,,,,,,,,,,,
25.819999695,0,1,2,0,0,0,0,2,1,0,6,5,0,0,1,,,,,,,,,,,,,,,,,,,,,,,,,,,,,,,,,,,,,,,,,,,,
36.340000153,7,1,0,0,0,0,1,0,1,0,6,3,0,0,2,,,,,,,,,,,,,,,,,,,,,,,,,,,,,,,,,,,,,,,,,,,,
20.370000839,1,1,3,0,0,0,0,1,0,0,2,6,0,0,0,,,,,,,,,,,,,,,,,,,,,,,,,,,,,,,,,,,,,,,,,,,,
46.979999542,3,1,2,0,0,0,0,1,0,1,6,4,0,0,1,,,,,,,,,,,,,,,,,,,,,,,,,,,,,,,,,,,,,,,,,,,,
23.229999542,5,1,0,0,0,0,0,0,1,0,5,1,0,0,1,,,,,,,,,,,,,,,,,,,,,,,,,,,,,,,,,,,,,,,,,,,,
23.079999924,2,1,1,1,0,0,0,1,1,0,3,6,1,0,1,,,,,,,,,,,,,,,,,,,,,,,,,,,,,,,,,,,,,,,,,,,,
32.319999695,1,1,1,0,0,0,0,1,1,1,3,5,0,1,3,,,,,,,,,,,,,,,,,,,,,,,,,,,,,,,,,,,,,,,,,,,,
25.010000229,5,1,3,0,0,1,0,1,0,1,3,7,0,1,2,,,,,,,,,,,,,,,,,,,,,,,,,,,,,,,,,,,,,,,,,,,,
34.029998779,,,,,,,,,,,,,,,,,,,,,,,,,,,,,,,,,,,,,,,,,,,,,,,,,,,,,,,,,,,
34.029998779,7,,,1,,,,,,,1,,0,,,,,,,,,,,,,,,,,,,,,,,,,,,,,,,,,,,,,,,,,,,,,,
36.259998322,6,1,10,1,1,0,0,7,0,1,1,3,0,0,4,,,,,,,,,,,,,,,,,,,,,,,,,,,,,,,,,,,,,,,,,,,,
24.489999771,4,1,1,0,0,0,0,0,0,0,6,1,0,0,3,,,,,,,,,,,,,,,,,,,,,,,,,,,,,,,,,,,,,,,,,,,,
27.809999466,5,1,2,1,0,1,0,1,0,0,2,6,0,0,2,,,,,,,,,,,,,,,,,,,,,,,,,,,,,,,,,,,,,,,,,,,,
20.36000061,7,7,2,0,0,0,0,3,0,0,2,3,0,1,3,,,,,,,,,,,,,,,,,,,,,,,,,,,,,,,,,,,,,,,,,,,,
22.959999084,,,,,,,,,,,,,,,,,,,,,,,,,,,,,,,,,,,,,,,,,,,,,,,,,,,,,,,,,,,
27.450000763,4,1,0,0,0,0,1,1,0,0,7,1,0,0,0,,,,,,,,,,,,,,,,,,,,,,,,,,,,,,,,,,,,,,,,,,,,
40.680000305,7,1,3,1,1,1,1,2,1,0,3,7,1,1,1,,,,,,,,,,,,,,,,,,,,,,,,,,,,,,,,,,,,,,,,,,,,
24.409999847,2,1,3,0,0,0,0,2,1,0,2,6,0,0,1,,,,,,,,,,,,,,,,,,,,,,,,,,,,,,,,,,,,,,,,,,,,
38.38999939,7,1,1,1,0,1,0,6,1,1,3,7,0,0,2,,,,,,,,,,,,,,,,,,,,,,,,,,,,,,,,,,,,,,,,,,,,
22.920000076,5,1,0,0,0,0,1,1,1,0,7,6,0,0,1,,,,,,,,,,,,,,,,,,,,,,,,,,,,,,,,,,,,,,,,,,,,
27.020000458,1,1,1,0,0,1,1,1,1,1,6,6,0,0,2,,,,,,,,,,,,,,,,,,,,,,,,,,,,,,,,,,,,,,,,,,,,
30.649999619,7,1,1,1,0,0,0,1,1,1,7,7,1,0,2,,,,,,,,,,,,,,,,,,,,,,,,,,,,,,,,,,,,,,,,,,,,
21.620000839,7,1,0,1,0,1,0,0,0,1,4,6,0,0,2,,,,,,,,,,,,,,,,,,,,,,,,,,,,,,,,,,,,,,,,,,,,
33.900001526,7,1,0,1,1,1,0,1,1,0,1,3,0,0,3,,,,,,,,,,,,,,,,,,,,,,,,,,,,,,,,,,,,,,,,,,,,
24.409999847,,,,,,,,,,,,,,,,,,,,,,,,,,,,,,,,,,,,,,,,,,,,,,,,,,,,,,,,,,,
24.409999847,5,1,2,0,0,1,0,1,0,1,4,6,1,0,1,,,,,,,,,,,,,,,,,,,,,,,,,,,,,,,,,,,,,,,,,,,,
22.590000153,4,1,1,0,0,0,0,1,0,1,7,5,0,0,2,,,,,,,,,,,,,,,,,,,,,,,,,,,,,,,,,,,,,,,,,,,,
28.399999619,7,1,1,0,0,1,1,0,0,0,5,6,0,0,1,,,,,,,,,,,,,,,,,,,,,,,,,,,,,,,,,,,,,,,,,,,,
28.079999924,4,1,0,0,0,0,0,0,0,1,7,1,0,0,2,,,,,,,,,,,,,,,,,,,,,,,,,,,,,,,,,,,,,,,,,,,,
31.469999313,3,1,0,0,0,0,0,1,0,1,7,5,0,0,0,,,,,,,,,,,,,,,,,,,,,,,,,,,,,,,,,,,,,,,,,,,,
35.770000458,2,1,3,1,0,1,0,1,0,1,7,7,0,0,4,,,,,,,,,,,,,,,,,,,,,,,,,,,,,,,,,,,,,,,,,,,,
28.270000458,1,1,2,1,0,1,0,1,0,1,4,6,1,0,2,,,,,,,,,,,,,,,,,,,,,,,,,,,,,,,,,,,,,,,,,,,,
33.950000763,7,1,1,0,0,0,1,1,0,1,2,5,0,1,2,,,,,,,,,,,,,,,,,,,,,,,,,,,,,,,,,,,,,,,,,,,,
27.659999847,0,1,2,0,0,0,0,0,1,0,2,5,0,0,2,,,,,,,,,,,,,,,,,,,,,,,,,,,,,,,,,,,,,,,,,,,,
36.439998627,1,1,0,0,0,0,0,0,0,1,7,1,0,0,2,,,,,,,,,,,,,,,,,,,,,,,,,,,,,,,,,,,,,,,,,,,,
22.780000687,5,1,0.5,0,0,0,0,0,1,0,6,4,0,0,1,,,,,,,,,,,,,,,,,,,,,,,,,,,,,,,,,,,,,,,,,,,,
28.75,2,,,0,,,0,,0,0,,2,0,0,,,,,,,,,,,,,,,,,,,,,,,,,,,,,,,,,,,,,,,,,,,,,
27.879999161,6,1,1,0,1,1,0,0,0,1,1,4,0,0,4,,,,,,,,,,,,,,,,,,,,,,,,,,,,,,,,,,,,,,,,,,,,
34.040000916,1,0,1,1,0,1,1,1,1,1,3,7,0,0,2,,,,,,,,,,,,,,,,,,,,,,,,,,,,,,,,,,,,,,,,,,,,
40.349998474,5,1,0,0,0,0,0,0,1,1,5,1,0,0,3,,,,,,,,,,,,,,,,,,,,,,,,,,,,,,,,,,,,,,,,,,,,
29.260000229,2,1,0,1,0,0,1,1,0,1,7,7,0,0,3,,,,,,,,,,,,,,,,,,,,,,,,,,,,,,,,,,,,,,,,,,,,
33.080001831,1,0,0,0,0,0,0,0,0,0,3,3,0,0,1,,,,,,,,,,,,,,,,,,,,,,,,,,,,,,,,,,,,,,,,,,,,
26.090000153,1,1,0,0,0,0,0,0,0,0,7,6,0,0,2,,,,,,,,,,,,,,,,,,,,,,,,,,,,,,,,,,,,,,,,,,,,
49.409999847,,1,,,0,0,,1,1,,5,7,1,0,2,,,,,,,,,,,,,,,,,,,,,,,,,,,,,,,,,,,,,,,,,,,,
39.450000763,3,1,2,1,1,0,0,5,1,0,2,7,0,0,5,,,,,,,,,,,,,,,,,,,,,,,,,,,,,,,,,,,,,,,,,,,,
26.440000534,3,1,2,1,0,0,0,1,1,1,6,7,0,0,2,,,,,,,,,,,,,,,,,,,,,,,,,,,,,,,,,,,,,,,,,,,,
22.959999084,3,1,0,1,1,1,0,0,0,0,2,3,1,0,3,,,,,,,,,,,,,,,,,,,,,,,,,,,,,,,,,,,,,,,,,,,,
27.989999771,5,1,1,0,0,0,0,1,1,0,4,6,0,0,4,,,,,,,,,,,,,,,,,,,,,,,,,,,,,,,,,,,,,,,,,,,,
36.119998932,5,1,3,1,1,1,0,0,1,1,1,7,0,0,4,,,,,,,,,,,,,,,,,,,,,,,,,,,,,,,,,,,,,,,,,,,,
26.309999466,6,1,0,0,0,0,0,0,1,0,7,1,0,0,2,,,,,,,,,,,,,,,,,,,,,,,,,,,,,,,,,,,,,,,,,,,,
20.829999924,3,1,0,0,0,1,0,0,0,0,7,3,0,0,3,,,,,,,,,,,,,,,,,,,,,,,,,,,,,,,,,,,,,,,,,,,,
31.799999237,4,0,1,1,0,0,1,2,1,1,7,4,0,0,2,,,,,,,,,,,,,,,,,,,,,,,,,,,,,,,,,,,,,,,,,,,,
28.450000763,3,1,0.5,0,0,0,1,0,0,0,2,2,0,1,3,,,,,,,,,,,,,,,,,,,,,,,,,,,,,,,,,,,,,,,,,,,,
28.340000153,2,1,0,0,0,0,0,0,0,1,5,7,0,0,10,,,,,,,,,,,,,,,,,,,,,,,,,,,,,,,,,,,,,,,,,,,,
39.439998627,5,1,0.1,0,0,0,1,0.5,1,0,6,4,0,0,1,,,,,,,,,,,,,,,,,,,,,,,,,,,,,,,,,,,,,,,,,,,,
29.340000153,5,1,3,1,0,0,0,1,1,0,2,6,0,0,3,,,,,,,,,,,,,,,,,,,,,,,,,,,,,,,,,,,,,,,,,,,,
33.310001373,,,4,,0,1,,1,1,1,,,0,,,,,,,,,,,,,,,,,,,,,,,,,,,,,,,,,,,,,,,,,,,,,,
28.530000687,1,1,1,0,0,1,0,1,0,0,1,1,0,0,3,,,,,,,,,,,,,,,,,,,,,,,,,,,,,,,,,,,,,,,,,,,,
30.270000458,5,1,1,1,0,1,0,2,1,1,2,5,0,0,2,,,,,,,,,,,,,,,,,,,,,,,,,,,,,,,,,,,,,,,,,,,,
33.279998779,5,1,2,0,0,0,1,1,0,0,7,6,0,1,2,,,,,,,,,,,,,,,,,,,,,,,,,,,,,,,,,,,,,,,,,,,,
28.430000305,4,1,0,1,0,0,1,0,1,0,7,1,0,0,0,,,,,,,,,,,,,,,,,,,,,,,,,,,,,,,,,,,,,,,,,,,,
24.370000839,5,1,0,0,0,0,0,1,0,0,4,3,0,0,1,,,,,,,,,,,,,,,,,,,,,,,,,,,,,,,,,,,,,,,,,,,,
22.729999542,4,1,1,0,0,0,0,1,1,0,1,4,0,0,1,3,1,8,5,0,1,0,6,0,0,1,0,1,7,1,0,,2,1,0,0,1,4,0,1,0,5,1,1,1,7,15,0,0,2,0,1,1,0,0,2,5,0,1
29.180000305,4,1,1,1,1,0,0,0,0,0,5,7,1,0,2,,,,,,,,,,,,,,,,,,,,,,,,,,,,,,,,,,,,,,,,,,,,
24.440000534,1,1,0.5,0,0,0,0,1,1,0,7,6,0,0,1,,,,,,,,,,,,,,,,,,,,,,,,,,,,,,,,,,,,,,,,,,,,
38.009998322,1,1,0,1,0,1,0,1,1,0,6,1,0,0,1,,,,,,,,,,,,,,,,,,,,,,,,,,,,,,,,,,,,,,,,,,,,
30.069999695,5,1,0,0,1,0,0,0,0,0,6,1,0,0,2,,,,,,,,,,,,,,,,,,,,,,,,,,,,,,,,,,,,,,,,,,,,
31.239999771,1,1,2,0,0,0,0,1,1,0,6,6,0,0,1,,,,,,,,,,,,,,,,,,,,,,,,,,,,,,,,,,,,,,,,,,,,
26.520000458,,,,,,,,,,,,,,,,,,,,,,,,,,,,,,,,,,,,,,,,,,,,,,,,,,,,,,,,,,,
26.520000458,,,,,,,,,,,,,,,,,,,,,,,,,,,,,,,,,,,,,,,,,,,,,,,,,,,,,,,,,,,
26.520000458,2,1,1,0,0,1,0,0,1,1,2,4,1,0,5,,,,,,,,,,,,,,,,,,,,,,,,,,,,,,,,,,,,,,,,,,,,
29.559999466,2,1,1,0,0,0,0,1,1,1,3,4,0,0,1,,,,,,,,,,,,,,,,,,,,,,,,,,,,,,,,,,,,,,,,,,,,
22.739999771,3,1,0,0,1,1,0,1,1,1,1,1,0,0,1,,,,,,,,,,,,,,,,,,,,,,,,,,,,,,,,,,,,,,,,,,,,
36.540000916,,,,,,,,,,,,,,,,,,,,,,,,,,,,,,,,,,,,,,,,,,,,,,,,,,,,,,,,,,,
29.559999466,3,1,2,0,0,0,0,1,1,0,2,4,0,0,2,,,,,,,,,,,,,,,,,,,,,,,,,,,,,,,,,,,,,,,,,,,,
22.200000763,5,1,1,0,0,1,0,1,1,1,3,6,0,0,1,,,,,,,,,,,,,,,,,,,,,,,,,,,,,,,,,,,,,,,,,,,,
31.479999542,1,1,1,0,0,1,0,6,0,0,6,7,0,0,2,,,,,,,,,,,,,,,,,,,,,,,,,,,,,,,,,,,,,,,,,,,,
29.399999619,1,1,0,0,1,1,0,0,0,1,5,7,0,0,4,,,,,,,,,,,,,,,,,,,,,,,,,,,,,,,,,,,,,,,,,,,,
34.529998779,5,1,2,0,0,1,0,1,1,0,6,5,0,0,2,,,,,,,,,,,,,,,,,,,,,,,,,,,,,,,,,,,,,,,,,,,,
33.669998169,7,1,1,0,1,0,1,1,0,0,2,4,1,1,2,,,,,,,,,,,,,,,,,,,,,,,,,,,,,,,,,,,,,,,,,,,,
34.959999084,2,1,0,1,0,0,0,0,1,0,5,5,1,0,1,,,,,,,,,,,,,,,,,,,,,,,,,,,,,,,,,,,,,,,,,,,,
22.309999466,1,1,0,0,0,1,0,0,0,0,1,7,0,0,3,,,,,,,,,,,,,,,,,,,,,,,,,,,,,,,,,,,,,,,,,,,,
33,1,1,3,0,0,1,1,3,1,1,6,4,0,0,2,,,,,,,,,,,,,,,,,,,,,,,,,,,,,,,,,,,,,,,,,,,,
24.409999847,2,1,2,0,0,1,0,1,1,1,5,6,0,0,4,,,,,,,,,,,,,,,,,,,,,,,,,,,,,,,,,,,,,,,,,,,,
35.060001373,1,1,1,0,0,0,0,0,1,0,7,3,0,0,1,,,,,,,,,,,,,,,,,,,,,,,,,,,,,,,,,,,,,,,,,,,,
31,1,1,2,0,0,0,0,4,1,1,1,7,1,0,3,,,,,,,,,,,,,,,,,,,,,,,,,,,,,,,,,,,,,,,,,,,,
28.319999695,7,1,0,1,1,1,0,2,0,1,3,7,0,0,2,,,,,,,,,,,,,,,,,,,,,,,,,,,,,,,,,,,,,,,,,,,,
21.11000061,3,1,2,0,0,0,0,5,0,1,1,7,0,1,1,,,,,,,,,,,,,,,,,,,,,,,,,,,,,,,,,,,,,,,,,,,,
20.979999542,3,1,1,0,0,1,0,1,0,0,6,3,0,0,1,,,,,,,,,,,,,,,,,,,,,,,,,,,,,,,,,,,,,,,,,,,,
27.510000229,5,1,0,0,0,1,0,0,0,1,6,1,0,0,1,,,,,,,,,,,,,,,,,,,,,,,,,,,,,,,,,,,,,,,,,,,,
39.869998932,3,1,2,0,0,1,0,1,1,1,2,7,0,1,2,,,,,,,,,,,,,,,,,,,,,,,,,,,,,,,,,,,,,,,,,,,,
24.850000381,7,1,1,1,0,0,0,1,0,1,2,3,0,0,2,,,,,,,,,,,,,,,,,,,,,,,,,,,,,,,,,,,,,,,,,,,,
48.729999542,2,1,2,1,0,1,0,0,1,0,7,6,1,0,1,,,,,,,,,,,,,,,,,,,,,,,,,,,,,,,,,,,,,,,,,,,,
33,5,1,1,0,0,0,0,2,1,1,6,7,0,0,1,,,,,,,,,,,,,,,,,,,,,,,,,,,,,,,,,,,,,,,,,,,,
30.170000076,6,1,2,0,1,0,1,26,1,0,7,3,0,1,2,,,,,,,,,,,,,,,,,,,,,,,,,,,,,,,,,,,,,,,,,,,,
33.11000061,7,1,0,1,1,0,0,1,0,0,3,1,0,0,1,,,,,,,,,,,,,,,,,,,,,,,,,,,,,,,,,,,,,,,,,,,,
26.569999695,,1,2,,,0,0,1,1,,6,,0,,2,,,,,,,,,,,,,,,,,,,,,,,,,,,,,,,,,,,,,,,,,,,,
27.260000229,5,1,5,0,0,1,0,1,1,1,6,6,0,0,2,,,,,,,,,,,,,,,,,,,,,,,,,,,,,,,,,,,,,,,,,,,,
30.040000916,6,0,0,0,0,1,0,0,0,0,2,6,0,0,1,,,,,,,,,,,,,,,,,,,,,,,,,,,,,,,,,,,,,,,,,,,,
32.770000458,5,1,1,1,1,1,0,1,0,0,7,2,0,1,8,,,,,,,,,,,,,,,,,,,,,,,,,,,,,,,,,,,,,,,,,,,,
30.819999695,7,1,1,1,1,1,0,1,1,1,5,5,0,0,1,,,,,,,,,,,,,,,,,,,,,,,,,,,,,,,,,,,,,,,,,,,,
29.86000061,4,1,3,0,1,1,0,0,0,1,1,6,1,0,3,,,,,,,,,,,,,,,,,,,,,,,,,,,,,,,,,,,,,,,,,,,,
33.180000305,2,1,1,0,0,1,0,1,1,0,6,3,0,0,1,,,,,,,,,,,,,,,,,,,,,,,,,,,,,,,,,,,,,,,,,,,,
31.309999466,6,1,0,0,1,1,0,0,0,1,3,2,0,0,2,,,,,,,,,,,,,,,,,,,,,,,,,,,,,,,,,,,,,,,,,,,,
24.540000916,5,1,0,0,0,0,1,0,0,0,6,5,0,0,0,,,,,,,,,,,,,,,,,,,,,,,,,,,,,,,,,,,,,,,,,,,,
20.36000061,7,1,1,0,0,1,0,0,0,0,5,1,0,0,2,,,,,,,,,,,,,,,,,,,,,,,,,,,,,,,,,,,,,,,,,,,,
24.409999847,4,0,2,1,0,1,0,1,1,0,6,6,0,0,2,,,,,,,,,,,,,,,,,,,,,,,,,,,,,,,,,,,,,,,,,,,,
46.340000153,3,1,2,1,1,0,0,12,0,1,4,6,0,0,4,,,,,,,,,,,,,,,,,,,,,,,,,,,,,,,,,,,,,,,,,,,,
32.069999695,2,1,1,0,0,1,0,1,1,0,1,2,0,0,1,,,,,,,,,,,,,,,,,,,,,,,,,,,,,,,,,,,,,,,,,,,,
43.930000305,6,1,1,1,0,0,1,0,0,0,2,4,0,0,1,,,,,,,,,,,,,,,,,,,,,,,,,,,,,,,,,,,,,,,,,,,,
23.850000381,5,1,1,1,1,1,0,1,1,0,2,4,0,0,2,,,,,,,,,,,,,,,,,,,,,,,,,,,,,,,,,,,,,,,,,,,,
26.950000763,7,1,3,0,0,1,0,1,1,1,5,4,0,0,3,,,,,,,,,,,,,,,,,,,,,,,,,,,,,,,,,,,,,,,,,,,,
21.13999939,1,1,3,0,0,1,0,3,1,1,7,5,0,0,3,,,,,,,,,,,,,,,,,,,,,,,,,,,,,,,,,,,,,,,,,,,,
34,2,1,2,1,0,0,0,5,1,1,6,7,0,0,1,,,,,,,,,,,,,,,,,,,,,,,,,,,,,,,,,,,,,,,,,,,,
32.770000458,4,1,1,1,0,0,0,0,1,0,5,4,0,0,3,,,,,,,,,,,,,,,,,,,,,,,,,,,,,,,,,,,,,,,,,,,,
31.170000076,4,1,3,1,0,1,1,2,1,1,7,2,0,0,2,,,,,,,,,,,,,,,,,,,,,,,,,,,,,,,,,,,,,,,,,,,,
21.920000076,4,1,3,0,1,0,0,2,1,1,1,2,1,0,2,,,,,,,,,,,,,,,,,,,,,,,,,,,,,,,,,,,,,,,,,,,,
26.649999619,5,1,1,0,0,0,0,1,1,0,4,4,0,0,2,,,,,,,,,,,,,,,,,,,,,,,,,,,,,,,,,,,,,,,,,,,,
23.729999542,5,1,1,0,0,0,0,1,1,0,6,7,0,0,1,,,,,,,,,,,,,,,,,,,,,,,,,,,,,,,,,,,,,,,,,,,,
32.450000763,6,1,1,1,0,0,0,2,1,1,7,1,0,0,2,,,,,,,,,,,,,,,,,,,,,,,,,,,,,,,,,,,,,,,,,,,,
32.939998627,7,1,2,1,0,0,0,1,1,1,2,7,1,0,5,,,,,,,,,,,,,,,,,,,,,,,,,,,,,,,,,,,,,,,,,,,,
63.740001678,5,1,1,0,0,0,1,1,0,0,4,7,0,0,2,,,,,,,,,,,,,,,,,,,,,,,,,,,,,,,,,,,,,,,,,,,,
35.869998932,7,1,3,0,1,1,0,18,1,0,2,7,0,0,2,,,,,,,,,,,,,,,,,,,,,,,,,,,,,,,,,,,,,,,,,,,,
26.950000763,4,1,1,0,0,1,0,1,0,0,3,3,0,0,2,,,,,,,,,,,,,,,,,,,,,,,,,,,,,,,,,,,,,,,,,,,,
29.690000534,4,1,2,1,0,0,1,1,1,0,7,7,0,0,1,,,,,,,,,,,,,,,,,,,,,,,,,,,,,,,,,,,,,,,,,,,,
31.739999771,2,0,0,0,0,0,0,0,0,0,7,1,0,0,2,,,,,,,,,,,,,,,,,,,,,,,,,,,,,,,,,,,,,,,,,,,,
28.190000534,3,1,1,0,0,1,0,1,1,1,7,3,0,0,6,,,,,,,,,,,,,,,,,,,,,,,,,,,,,,,,,,,,,,,,,,,,
44.069999695,7,1,3,0,1,1,0,0,1,1,1,6,1,0,4,,,,,,,,,,,,,,,,,,,,,,,,,,,,,,,,,,,,,,,,,,,,
28.100000381,5,1,2,0,0,1,0,5,0,0,4,7,0,1,2,,,,,,,,,,,,,,,,,,,,,,,,,,,,,,,,,,,,,,,,,,,,
44.099998474,7,1,0,1,0,1,0,0,1,0,6,7,0,1,1,,,,,,,,,,,,,,,,,,,,,,,,,,,,,,,,,,,,,,,,,,,,
29.680000305,6,1,0,1,1,0,0,0,1,0,5,1,0,1,1,,,,,,,,,,,,,,,,,,,,,,,,,,,,,,,,,,,,,,,,,,,,
28.790000916,3,1,1,0,0,1,1,1,1,0,6,4,0,0,2,,,,,,,,,,,,,,,,,,,,,,,,,,,,,,,,,,,,,,,,,,,,
29.049999237,3,1,4,1,0,1,0,0,0,0,2,1,0,0,2,,,,,,,,,,,,,,,,,,,,,,,,,,,,,,,,,,,,,,,,,,,,
22.86000061,5,1,2,0,0,0,0,1,0,0,2,7,0,1,2,,,,,,,,,,,,,,,,,,,,,,,,,,,,,,,,,,,,,,,,,,,,
19.489999771,5,1,0,0,0,0,0,0,0,1,3,1,0,0,2,1,1,,,,,,1,,,,,,,,,,,,,,,,0,,0,,,,,,19,,,,,,,,,,,,
29.340000153,7,1,1,0,0,0,0,0,1,0,1,6,0,1,2,,,,,,,,,,,,,,,,,,,,,,,,,,,,,,,,,,,,,,,,,,,,
38.270000458,5,1,1,0,0,1,1,1,1,0,1,6,0,0,4,,,,,,,,,,,,,,,,,,,,,,,,,,,,,,,,,,,,,,,,,,,,
22.459999084,4,1,1,1,0,0,0,1,0,0,3,1,0,0,1,,,,,,,,,,,,,,,,,,,,,,,,,,,,,,,,,,,,,,,,,,,,
32.279998779,4,0,5,0,1,1,0,1,0,1,3,7,1,0,2,,,,,,,,,,,,,,,,,,,,,,,,,,,,,,,,,,,,,,,,,,,,
25.790000916,2,1,0,0,0,0,0,0,1,0,6,4,0,0,2,,,,,,,,,,,,,,,,,,,,,,,,,,,,,,,,,,,,,,,,,,,,
22.309999466,5,1,2,0,0,0,0,5,1,0,3,4,1,0,1,,,,,,,,,,,,,,,,,,,,,,,,,,,,,,,,,,,,,,,,,,,,
39.740001678,7,1,0,,0,0,1,1,0,,2,,,,0,,,,,,,,,,,,,,,,,,,,,,,,,,,,,,,,,,,,,,,,,,,,
32.259998322,,,,,,,,1,,,,,,,,,,,,,,,,,,,,,,,,,,,,,,,,,,,,,,,,,,,,,,,,,,,
20.219999313,3,1,7,0,0,0,0,4,1,1,7,1,0,1,4,,,,,,,,,,,,,,,,,,,,,,,,,,,,,,,,,,,,,,,,,,,,
28.319999695,4,1,1,0,0,1,0,0,1,0,6,1,1,0,3,,,,,,,,,,,,,,,,,,,,,,,,,,,,,,,,,,,,,,,,,,,,
23.489999771,5,1,,1,,,1,,,0,1,,0,0,,,,,,,,,,,,,,,,,,,,,,,,,,,,,,,,,,,,,,,,,,,,,
17.88999939,,,,,,,,,,,,,,,,,,,,,,,,,,,,,,,,,,,,,,,,,,,,,,,,,,,,,,,,,,,
24.88999939,2,1,7,0,0,1,0,6,1,1,4,3,0,0,2,,,,,,,,,,,,,,,,,,,,,,,,,,,,,,,,,,,,,,,,,,,,
21.629999161,2,1,0,0,0,0,0,0,1,0,5,1,0,0,2,,,,,,,,,,,,,,,,,,,,,,,,,,,,,,,,,,,,,,,,,,,,
29.290000916,7,1,2,1,1,0,0,0,0,0,5,5,1,1,1,,,,,,,,,,,,,,,,,,,,,,,,,,,,,,,,,,,,,,,,,,,,
19.260000229,6,1,0,0,0,0,0,0,0,0,7,1,0,0,1,,,,,,,,,,,,,,,,,,,,,,,,,,,,,,,,,,,,,,,,,,,,
36.580001831,6,1,3,0,1,1,1,3,0,1,7,7,0,1,2,,,,,,,,,,,,,,,,,,,,,,,,,,,,,,,,,,,,,,,,,,,,
49.220001221,7,1,0,1,1,0,1,0,1,0,1,2,0,0,0,,,,,,,,,,,,,,,,,,,,,,,,,,,,,,,,,,,,,,,,,,,,
19.579999924,6,1,1,0,0,0,0,1,0,1,6,1,0,0,4,,,,,,,,,,,,,,,,,,,,,,,,,,,,,,,,,,,,,,,,,,,,
37.490001678,1,1,0,0,0,0,0,1,0,0,3,4,0,0,1,,,,,,,,,,,,,,,,,,,,,,,,,,,,,,,,,,,,,,,,,,,,
21.620000839,7,1,1,1,0,0,1,1,0,1,5,7,1,0,5,,,,,,,,,,,,,,,,,,,,,,,,,,,,,,,,,,,,,,,,,,,,
29.969999313,5,1,3,1,0,1,0,1,1,1,4,7,0,0,2,,,,,,,,,,,,,,,,,,,,,,,,,,,,,,,,,,,,,,,,,,,,
23.770000458,2,1,0,0,0,0,1,0,1,0,4,3,0,0,2,,,,,,,,,,,,,,,,,,,,,,,,,,,,,,,,,,,,,,,,,,,,
21.950000763,1,1,0,0,0,0,1,0,0,0,3,2,0,0,1,,,,,,,,,,,,,,,,,,,,,,,,,,,,,,,,,,,,,,,,,,,,
36.180000305,,,,,,,,,,,,,,,,,,,,,,,,,,,,,,,,,,,,,,,,,,,,,,,,,,,,,,,,,,,
23.329999924,6,1,1,0,1,1,1,1,0,1,2,7,0,0,4,5,,,,,,,,,,,,,,,,,,,,,,,,,,,,,,,,,,,,,,,,,,,
25.239999771,1,1,1,0,0,0,0,0,1,0,7,1,0,0,1,1,,,,,,,,,,,,,,,,,,,,,,,,,,,,,,,,,,,,,,,,,,,
25.379999161,6,1,0,0,0,0,0,0,1,0,7,3,0,1,1,5,,,,,,,,,,,,,,,,,,,,,,,,,,,,,,,,,,,,,,,,,,,
24.909999847,6,1,0.5,0,0,0,0,1,0,0,3,3,0,0,1,10,,,,,,,,,,,,,,,,,,,,,,,,,,,,,,,,,,,,,,,,,,,
23.989999771,2,1,2,1,0,1,0,1,0,1,3,2,0,0,1,4,,,,,,,,,,,,,,,,,,,,,,,,,,,,,,,,,,,,,,,,,,,
33.409999847,2,1,0,0,0,0,0,1,1,1,7,6,0,0,2,1,,,,,,,,,,,,,,,,,,,,,,,,,,,,,,,,,,,,,,,,,,,
27.260000229,,,,,,0,1,,,,,,,,2,4,,,,,,,,,,,,,,,,,,,,,,,,,,,,,,,,,,,,,,,,,,,
29.86000061,5,1,0,0,0,0,0,0,0,0,7,5,0,0,1,1,1,,,,,,,,,,,,,,,,,,,,,,,,,,,,,,,,,,,,,,,,,,
22.870000839,6,1,0,0,0,0,0,7,0,0,7,5,0,0,0.2,3,0,,,,,,,,,,,,,,,,,,,,,,,,,,,,,,,,,,,,,,,,,,
34.009998322,7,1,3,0,0,1,0,3,1,1,3,7,1,0,2,2,0,,,,,,,,,,,,,,,,,,,,,,,,,,,,,,,,,,,,,,,,,,
22.459999084,2,1,1,0,1,0,0,1,0,1,1,1,0,0,2,2,0,,,,,,,,,,,,,,,,,,,,,,,,,,,,,,,,,,,,,,,,,,
35.25,6,1,0,0,0,0,0,0,0,0,1,7,0,0,1,0,1,9,,,,,,,,,,,,,,,,,,,,,,,,,,,,,,,,,,,,,,,,,
28.190000534,5,1,1,1,0,1,0,6,0,0,7,5,0,0,2,3,1,,,,,,,,,,,,,,,,,,,,,,,,,,,,,,,,,,,,,,,,,,
42.819999695,5,1,2,1,0,1,0,2,1,1,6,2,0,0,1,3,0,9,,,,,,,,,,,,,,,,,,,,,,,,,,,,,,,,,,,,,,,,,
19.370000839,,1,,0,0,0,1,2,0,0,,,0,0,0,0,1,9,,,,,,,,,,,,,,,,,,,,,,,,,,,,,,,,,,,,,,,,,
36.63999939,5,1,0,1,0,1,1,0,1,1,7,7,0,0,4,7,1,6,5,5,5,,,,,,,,,,,,,,,,,,,,,,,,,,,,,,,,,,,,,,
40.900001526,2,1,3,1,0,1,0,1,1,1,5,6,0,0,1,3,1,8,5,15,3,,,,,,,,,,,,,,,,,,,,,,,,,,,,,,,,,,,,,,
29.260000229,1,1,1,0,0,0,0,3,1,1,6,1,0,0,2,2,0,6.5,4,0,1,,,,,,,,,,,,,,,,,,,,,,,,,,,,,,,,,,,,,,
26.440000534,5,1,1,0,0,0,0,0,1,1,7,7,0,0,1,1,0,8,0,0,4,0,1,0,0,6,0,0,6,0,0,7.8,5,0,1,1,1,2,0,6,1,0.5,0,0,1,7,0,,,,,,,,,,,,
25.770000458,1,,1,,0,,,1,1,1,6,5,,,1,2,1,8,0,0,3,0,7,,1,,,,,,,8,,0,,,,2,,,0,5,,0,1,,0,,,,0,,,,,,,,
20.770000458,7,1,0,0,0,1,1,1,0,1,3,3,0,0,2,7,0,7,5,7,4,1,2,0,,7,5,1,6,1,1,8,3,1,0,0,1,0,0,6,1,21,1,0,1,2,0,0,,0,0,1,1,0,,2,5,,0
35.659999847,1,,,,,,,,,,,5,,,,,,,,,,,,,,,4,0,,,,,,,,,,,,,,,,,,,,,,,,,,,,,,,
22.739999771,2,1,2,,,,,,,,2,7,,,,,,,,,6,,,,1,3,,0,1,,0,,,,0,0,,,,,,,,,,,,,,,0,,,,,,,1,0
24.590000153,,,,1,,0,,1,,0,2,4,0,1,,,,9,,5,,,,1,0,5,5,,,,,,,0,,0,1,0,,,,,1,1,,,7,,,,,,1,,,2,4,,0
27.86000061,1,1,2,0,0,0,0,1,1,0,6,6,0,0,2,2,1,6,5,6,2,0,6,0,0,2,6,0,4,1,0,10,5,0,1,0,1,4,0,2,1,4,1,0,0,5,7,0,1,5,1,1,1,1,0,4,5,0,0
31.75,7,1,5,1,0,1,0,1,1,0,1,7,1,0,3,4,0,8,0,7,5,0,1,1,0,5,5,0,2,0,0,,2,0,1,1,0,0,0,7,1,4,1,1,0,1,10,0,1,7,1,1,0,1,1,6,0,1,0
30.620000839,4,1,0,0,0,0,0,1,1,0,5,2,0,1,,3,0,8,1,5,2,0,,0,,3,5,0,7,0,0,7.7,2,1,0,0,1,0,0,,0,5,0,0,1,6,30,0,0,5,0,1,0,0,0,5,1,1,0
22.649999619,2,1,0,0,0,0,0,1,1,1,6,2,0,0,2,0,1,8,0,5,2,1,7,0,1,5,5,0,5,1,1,7,6,1,0,1,1,0,0,2,0,20,1,0,1,7,21,0,1,0,1,5,0,0,0,0,0,0,0
27.840000153,,,,,,,,,,,,6,,1,,,,8,,5,,,,,,5,,,3,,0,5.15,,0,,1,,,0,,,,,,,,,,,,,,,,0,,,,
24.909999847,7,0,1,1,0,1,0,0,1,0,2,6,0,0,3,5,0,9,4,0,7,0,4,1,0,7,2,1,7,1,0,3.8,4,1,0,1,0,0,0,5,1,6,1,0,0,4,8,0,0,3,1,1,1,0,0,3,5,0,1
28.180000305,3,1,3,1,1,0,0,2,1,1,3,6,0,0,2,6,0,6,5,4,2,0,5,0,1,4,5,0,4,1,0,9,5,0,1,1,1,0,0,7,0,4,1,0,0,1,7,0,1,1,0,3,1,0,0,1,5,1,0
23.100000381,1,1,0,0,1,1,0,0,0,0,5,1,0,0,1,4,0,9,5,2,1,0,1,0,0,6,0,0,14,1,0,7.23,6,1,0,0,0,0,0,6,1,10,1,0,0,3,27,0,0,3,1,5,1,1,1,10,5,1,0
35.950000763,,,,,,,,,,,,,,,,,,6,,,,,,,,,,,,,,,,,,,,,,,,,,,,,,,,,,,,,,,,,
28.690000534,,,,,,,,,,,,,1,,,,,,3,,,,,,,,,,,,,,,,,,1,,,,,,,,,,,0,,,,,0,,,,,,0
19.469999313,2,1,0,0,0,0,0,0,1,0,7,1,0,0,2,1,1,8,5,0,3,0,3,0,0,4,1,0,6,1,0,8,4,1,1,1,0,7,0,1,1,10,1,0,1,7,0,0,1,1,1,1,1,0,0,1,5,0,1
25.680000305,3,1,3,0,0,1,0,1,1,0,5,5,0,0,2,6,0,8,3,0,4,0,1,0,0,4,4,0,7,1,0,8,5,1,1,0,1,0,0,6,1,15,1,0,0,3,0,0,1,0,1,1,1,0,0,0,3,0,0
21.13999939,3,1,0,0,1,1,0,1,1,1,7,1,0,0,3,1,1,9,5,5,2,1,3,0,0,3,1,0,14,1,1,8,6,1,1,1,1,3,0,3,0,25,1,0,1,7,12,0,0,1,1,5,1,0,0,1,5,0,1
33.61000061,,,,,,,,,,,,,,,,,,,,,,,,,,,,,,,,,,,,,,,,,,,,,,,,,,,,,,,,,,,
23.850000381,1,1,1,0,,,0,28,1,0,7,,0,0,2,,1,8,3,7,,,1,0,,1,4,0,7,1,,,,1,,1,,3,,6,1,,1,,,4,,0,1,3,1,2,0,,,3,3,0,
19.219999313,1,1,0,0,0,0,1,0,1,0,5,1,0,0,1,1,1,9,5,0,6,10,4,0,0,7,0,1,6,1,1,5.7,6,1,1,1,1,5,0,1,0,28,1,0,1,7,8,0,0,0,1,5,1,0,0,0,5,0,1
17.63999939,1,1,0,0,0,0,0,2,1,0,2,6,0,0,1,1,1,7,4,1,2,0,4,0,1,1,1,1,6,0,0,6.5,7,1,1,1,0,5,0,5,0,15,0,1,0,6,10,1,0,7,1,2,1,0,0,7,4,0,1
23.040000916,,,,0,,,,,,,2,,,,,,,,3,,,,,,,,,,,,,,,,,,,,,,,,,,,,,,,,,,,,,,,,
22.379999161,,,,,,,,,,,,,,,,,1,,,,,,,,,,,,,,,,,,,,,,,,,,,,,,,,,,1,,,,,,,,
27.979999542,3,1,1,1,0,1,0,1,1,0,5,1,0,0,1,3,0,9,3,2,7,0,6,0,1,7,3,0,7,1,0,12,7,1,1,1,1,1,0,6,0,10,1,0,0,4,10,0,0,1,1,7,1,0,0,1,4,0,1
26.799999237,6,,,0,,,,,,,,2,0,,,,,,3,,,,,0,,5,0,0,,1,,,,0,0,0,,10,,,,5,,0,,0,,,0,4,0,,,,,,,,
23.030000687,,1,0,0,0,0,1,2,1,0,6,2,0,0,2,5,1,10,5,0,4,0,7,0,1,6,1,0,5,1,1,7,6,1,1,,0,3,0,3,0,7,1,0,1,7,14,0,0,,,3,1,0,0,1,5,0,1
22.379999161,,,2,,0,,0,1,1,1,,4,0,0,2,5,0,8,0,,,0,,,,1,7,,17,1,,,6,1,,1,1,,0,7,0,,1,,0,4,,0,,3,1,2,0,0,0,3,0,,
19.579999924,7,1,5,1,0,1,0,1,1,1,1,7,1,1,2,2,0,7,1,7,3,0,7,0,0,1,10,1,2,0,0,8.8,1,0,1,0,1,0,0,7,0,7,0,1,0,1,7,0,1,5,0,1,0,0,0,4,1,1,0
35.869998932,,,,,,,,,,,,,,,,,,,,,,,,,,,,,7,,,,,,,,1,,,,,,,,,,,,,,,,,,,,,,
33.479999542,4,1,0,1,0,1,0,0,1,0,6,1,0,0,1,1,1,8,5,5,5,1,6,0,0,2,5,0,21,1,1,8.2,4,1,1,0,1,4,0,6,0,15,1,0,0,6,4,0,0,0,1,5,1,1,0,5,5,0,0
19.729999542,1,1,1,0,0,0,0,0.5,1,0,7,2,0,0,0,0.5,1,8,5,3,1,0,1,0,0,1,0,0,14,1,0,7.5,7,1,1,0,1,3,0,1,0,10,1,0,1,7,26,0,1,0,1,7,1,0,0,0,4,0,1
24.409999847,,,,0,,,,1,1,,7,,,,,0,0,8,,,,,,,,,,,7,,,,,1,,,0,,0,1,1,14,,,,,0,,,,,1,,,1,,3,0,
23.729999542,,,0,0,,,,,1,0,,3,0,0,,,1,9,5,,,1,7,0,0,4,0,0,,,0,10,7,1,1,0,1,0,0,4,,20,1,0,,,18,0,0,5,1,2,,0,0,,,0,
32.450000763,5,,,,1,0,0,1,,1,5,4,1,0,3,4,0,,5,7,,0,1,0,,3,2,,6,0,,,4,0,0,0,1,0,0,6,0,,0,,0,,,0,1,,0,,1,0,1,,5,,0
31.969999313,5,1,1,0,0,0,1,0,0,0,4,7,0,0,2,4,1,9,0,3,5,0,1,0,0,4,1,0,7,1,0,3500,6,1,0,1,1,7,0,5,1,10,1,0,0,5,7,0,0,1,1,5,1,0,0,0,5,0,0
30.209999084,,,,,0,0,0,,0,1,1,7,0,,,0,,7,5,,1,0,,,,1,,,,1,,6.5,1,1,0,0,,0,0,,,,,0,1,1,8,,0,2,1,7,,,0,,,1,
28.350000381,7,1,,0,0,1,0,1,1,1,3,7,0,0,3,2,0,7,3,3,4,,7,0,1,1,4,0,6,1,0,,1,,1,0,1,4,0,7,1,3,0,0,0,7,10,0,0,14,0,1,1,0,0,14,3,1,0
37.25,4,1,,,,1,,3,1,0,2,7,0,1,1,4,0,9,2.5,,,0,,,0,5,,,,,1,7.5,7,,,,,,0,6,0,,1,0,0,7,,,,,,,0,,,3,,0,0
30.549999237,4,1,0,0,,,,,,,5,,,0,,,,,,0,,,,0,0,,0,0,,1,,,7,1,0,,1,7,,,0,,0,,,,16,0,0,,1,,,,0,0,7,,0
27.409999847,,1,,1,0,1,0,1,,,1,4,,,,7,,,3,7,,,,,,,,1,,1,,,,,1,,,0,0,7,,2,,,0,1,,0,1,,0,,,,,5,3,,
24.030000687,3,1,0,0,0,0,0,1,1,0,7,1,0,0,1,0,1,8,5,5,1,5,7,0,0,6,1,0,7,1,1,7,6,1,1,1,0,5,0,1,0,5,1,0,1,7,3,0,0,0,1,2,1,0,0,0,5,0,1
25.11000061,4,1,1,,,,,1,,,6,1,,0,,2,1,,,,3,,,0,,,,,6,,,,,,0,1,,,0,3,,14,0,0,0,6,,1,1,,,,,0,0,,0,1,
19.690000534,,,,,,,,,,,,,,,,,,,,,7,,,,,,,0,,,,,3,0,,,,,,,,,,,,,,,,,,,,,,,,,
20.219999313,,,,0,,,,1,,,,,0,,3,2,1,7,4,10,3,0,,0,1,2,2,0,5,,0,,5,1,,,,,,,0,7,1,,,1,16,0,,20,1,1,1,,0,14,4,,1
38.439998627,4,1,,,0,,0,,,0,,5,0,0,,,,9,5,,2,,,,0,3,,,5,0,0,,5,,,0,1,0,,,,,,,0,3,,0,0,,,,1,1,,,5,,0
33.720001221,6,1,1,,0,1,0,1,0,0,,1,1,0,1,,0,,0,7,1,,1,,,5,5,,7,1,0,10,5,0,0,0,,1,0,6,0,20,0,0,0,,,0,1,,,1,0,,0,7,0,1,
31,,,,,,,,,,,,,,,,,,,,,,,,,,,,,,,,,,,,,,,,,,,,,,,,,,,,,,,,,,,
31,4,1,1,,0,,1,,1,0,6,6,0,0,2,5,0,9,,,1,0,7,0,1,2,2,0,9,,0,,,1,1,0,1,0,,3,,40,1,0,0,6,,0,0,0,1,1,0,,1,0,0,,1
33.279998779,1,1,0,0,1,1,1,1,1,0,2,2,0,0,2,3,1,8,5,5,4,1,6,1,1,7,2,1,6,1,1,8,5,1,1,1,1,5,1,2,0,6,1,1,1,7,16,0,0,3,1,5,1,0,0,3,5,1,1
23.88999939,2,1,2,1,0,1,0,2,1,1,1,2,1,0,2,3,1,9,0,7,7,0,7,0,1,7,7,0,2,0,1,7,3,0,0,0,1,0,0,7,1,8,1,0,0,4,12,0,0,5,1,1,1,0,0,,0,0,0
28.690000534,2,1,1,1,0,0,0,1,1,0,7,6,0,0,6,5,0,8,3,0,2,0,2,0,0,2,0,0,6,1,0,9,6,1,1,1,1,1,0,6,0,24,1,0,0,4,18,0,0,0,1,5,1,0,0,0,3,0,0
23.909999847,1,,,0,0,,0,0,1,1,6,5,0,0,,,1,8,,5,5,,3,0,,,5,0,7,1,0,8.5,6,1,,1,1,0,0,,0,7,1,0,0,6,,0,0,,1,4,,0,0,2,3,,0
16.690000534,,,,,,1,,,,,3,,0,,,,0,7,,6,,,,0,,,,,7,,,,,,1,0,,,0,,,15,,,1,,7,0,,,1,2,0,0,0,0,,,1
18.790000916,2,1,2,0,0,0,1,0,1,0,5,2,0,0,2,1,0,8,5,0,3,0,1,0,0,1,7,0,14,1,1,7.5,1,0,0,0,0,0,0,2,0,14,0,0,0,7,7,0,0,0,1,5,1,0,0,0,5,0,1
37.759998322,1,1,,,,,,,0,,3,4,0,0,1,5,,,5,1,,,2,,0,2,,0,7,,0,7.5,4,,,1,,3,1,2,1,,1,0,1,5,,,0,,1,4,,,0,0,,1,
23.670000076,,1,1,0,0,,0,,1,1,6,5,0,0,3,1,1,8,0,7,1,,1,0,0,3,5,0,,1,0,9.6,5,1,,1,,0,,3,,,,0,0,4,,,0,4,1,1,,,,4,0,0,1
31,5,1,,,,,,,0,,7,,,,,,,,5,,,,,,,5,0,,,,,7.6,,,1,,0,,,,,,,,0,,,,,,,5,,,0,0,5,,
19.799999237,,,1,,,,0,,,,,,0,,3,7,,,,,,,,,0,,0,0,5,,0,,,,,1,,,0,,,,,,,,,,,,0,,,,0,,,,
25.540000916,3,1,0,0,0,1,0,1,0,0,2,5,0,0,3,14,0,8,4,3,5,0,2,0,0,6,3,1,9,1,0,8.13,3,1,0,0,0,4,0,3,0,16,1,1,0,5,20,0,0,0,1,2,0,0,0,0,5,1,0
27.620000839,5,1,5,1,0,0,1,5,0,0,1,1,1,0,0,2,0,9,5,5,4,0,1,1,0,7,0,1,2,1,1,8.5,4,0,0,1,0,0,0,5,0,10,0,0,1,2,7,0,0,0,1,1,1,0,0,0,5,0,1
35.700000763,5,1,1,1,0,1,0,1,1,1,5,7,0,0,1,3,0,8,0,5,1,0,7,0,0,6,2,0,5,1,0,6,1,0,1,0,1,0,0,7,1,1,0,0,0,1,10,0,0,2,0,5,0,0,0,2,0,1,0
28.190000534,5,,1,0,,0,0,,,,7,6,,,2,4,0,,,,2,,,,,,,,5,,0,7,1,,,,0,3,0,6,,2,,0,,,17,0,1,,0,,,,,,5,,0
15.819999695,,,,,,,,,,,,,,,,,,10,,,,,,,,,,,,,,,,,,,,,,,,,,,,,,,,,,,,0,,,,,
25.530000687,2,1,,1,0,1,1,1,1,1,6,6,0,0,2,4,1,8,5,0,,0,7,0,0,1,6,0,4,1,0,,4,1,0,0,1,0,,4,1,12,1,,0,2,17,0,0,4,,1,,1,0,4,5,0,0
33.939998627,,,,,0,0,0,0,1,0,6,3,,,,,1,8,4,2,,,,0,,,,1,6,,0,7,6,,0,,,,0,,,,1,,1,5,11,0,,,,,,,,3,4,,
27.040000916,,1,0,0,,0,,,,0,3,,,,2,3,1,,,,1,0,7,,,1,5,,7,,,6,,0,,0,,0,0,,,22,1,,0,,17,,,,,,,,0,,,,
23.180000305,3,,2,1,0,1,,,0,1,,,,,3,,0,,5,,4,0,2,1,0,5,3,0,,1,0,7,2,,,,1,2,0,6,0,,1,,0,,,0,1,,,1,1,0,0,,5,,1
32.549999237,,,,1,1,1,0,6,,0,,,,,1,,,,4,40,,0,4,,0,6,7,0,7,1,0,,,0,,,,0,0,6,0,5,0,,0,,,0,,0,,,1,,0,0,4,0,0
23.909999847,,1,1,,1,,0,0,,0,1,6,0,,,,0,6,5,,1,0,7,1,0,6,,1,7,,0,,,1,0,,,0,0,1,0,5,,,1,,,,,3,0,1,1,0,0,3,5,0,0
19.770000458,7,1,,0,0,,,,,0,,5,,,,,0,9,,5,,,,0,,,7,,4,1,0,,5,1,1,,1,,0,7,9,,1,,0,3,17,,0,3,1,,1,,0,,5,,
33.970001221,2,1,0,0,0,1,0,0,1,1,5,7,0,,4,4,0,9,0,3,2,0,4,0,1,2,0,0,9,1,0,,3,0,0,0,1,5,0,6,0,8,1,0,0,2,8,0,1,12,1,1,0,0,0,12,0,0,0
24.540000916,,,,,,,1,,,,,,,,,,,8,,,,,,,,,,,,,0,,,,1,,,,,,,,,,,,,,,5,,,,,,,,,1
54.549999237,5,1,1,0,0,0,0,1,0,0,7,7,0,0,3,5,0,7,0,2,1,0,5,0,0,3,0,0,7,0,0,11,1,0,0,0,11,0,0,3,1,4,0,0,0,2,14,0,7,5,0,1,0,0,0,5,0,0,0
31.459999084,,1,1,,0,0,,1,1,1,,7,0,,,0,,8,3,,,,5,,,,,,7,,0,,,,1,,,,,5,,,,,,,,,,,,,,,,7,,,
23.559999466,3,1,2,1,0,0,0,2,0,0,3,3,0,0,4,3,1,8,1,0,4,0,5,1,0,2,3,0,15,0,0,7,5,1,0,1,1,5,0,4,0,10,1,1,0,4,9,0,0,10,1,1,0,0,0,15,1,0,1
22.270000458,,1,,0,,0,,,,,,3,0,0,,1,,,5,,,,,,0,,,,21,,,6.1,4,1,,,0,,0,,,,1,1,,,,0,1,,0,,,,,,,,0
26.520000458,,,0,0,0,0,0,,1,1,,1,,0,1,1,1,10,5,1,1,0,,,,,1,,7,1,,6.12,6,1,,1,1,,0,,0,,1,1,0,7,0,0,0,,1,5,,,0,0,,1,
20.899999619,1,,,,,,0,,0,,,,,,1,1,,8,,,,,,,,,3,,5,,,9,,,,,,,,,,,0,,,4,7,,0,,,,1,,0,,,,
30.409999847,5,,,1,,,,,,1,1,,,,,,,8,,,,,1,1,,,0,,,,,,,1,0,1,,,,,,,,1,,,,,0,,,,,,,,,,
30.379999161,,1,,,,,,,,,,,0,,,,,8,,2,,,,,,,,0,,,,,5,,,,,,,,,,1,,,,12,,0,0,,,,,,0,,,
20.090000153,,,,,,,,,,,,,,,,,,,,,,,,,,,,,,,,,,,,,,,,,,,,,,,,,,,,,,,,,,,
21.030000687,,1,,0,,,1,0,,0,,1,0,,,2,1,9,5,5,,,,0,,7,,,,1,1,,,1,1,,1,5,,1,,20,1,1,1,,13,0,0,0,1,7,1,,0,0,5,0,9
19.579999924,,,,,,,,,,,,,,,,,,,,,,,,,,,,,,,,,,,,,,,,,,,,,,,,,,,,,,,,,,,
31.579999924,1,1,,,0,,,,,,,5,,0,,,,,1,,2,,,0,,5,,,,1,0,6.5,,,,,1,,0,,,12,1,,,,,0,1,,1,,0,0,0,2,,,
25.840000153,,0,,,,0,,,,,6,,,,0.5,1,1,,0,,,,,0,0,,,0,,1,,,3,1,,,,,,,,10,,,,7,,,0,0,,,0,,0,0,,1,
27.450000763,5,1,1,0,0,1,0,1,1,0,7,3,0,0,1,1,,8,5,3,5,5,1,0,1,6,3,0,6,1,1,7.5,6,1,0,1,0,3,1,3,0,15,0,0,1,6,0,0,0,2,1,1,1,0,0,2,5,1,1
17.11000061,,,,,,,,,,,,,,,,,,,,,,,,,,,2,,,,,,,,,,,,,,,,,,,,,,1,,,,,,,,,,
18.36000061,,,2,0,0,,0,0,1,,2,,0,0,2,,,7,4,,,1,1,,0,,0,0,,0,,,,,,,,,0,2,0,,,1,,6,10,0,,0,,4,1,,0,1,,,
30.120000839,6,1,2,1,0,0,0,1,1,1,4,,1,0,3,2,0,9,,5,3,,7,0,1,7,5,0,3,,0,,5,0,1,1,1,0,0,4,0,4,0,,,6,,0,,4,1,2,1,0,0,7,4,,
34.540000916,4,,,,,,,1,,0,,3,0,,,,0,8,,,,,,0,0,2,,,,,0,,,0,0,,,,,,,30,1,,1,6,,,,1,1,1,0,,0,2,,,
24.090000153,,,,,,,,,,,,,,,,,,9,,,,,,,,,,,,,,,,,,,,,,,,,,,,,,,,,1,,,,,12,,,
31.090000153,,,,,,,,,,,,,1,,,,,10,0,,,,,0,,,,,,,,,6,,0,,,,,,0,,,,,,,,,,1,,,,,,,,
20.5,3,,2,0,0,,0,0,,,3,2,,0,1,5,1,,,5,7,,2,0,,7,7,0,5,,,,4,0,,,1,,,2,,7,,0,,,13,0,0,,,1,1,0,,0,,0,0
24.090000153,,,,0,,0,,0,,,,5,1,,1,,,9,,,,0,1,0,0,,,0,14,,,,,1,0,,,,,6,,16,1,,,,12,,,4,,2,,,0,10,0,1,0
35.770000458,5,1,0,0,1,0,1,0,0,0,1,7,1,0,0,0,0,7,0,5,7,1,1,7,0,7,5,1,7,1,0,7,6,0,0,1,0,5,1,1,1,20,0,1,1,7,0,1,0,0,1,1,0,1,0,0,0,0,0
21.020000458,,,,0,,0,1,,0,,,,,,2,,1,9,,,,,1,0,0,1,,,,1,,,6,1,,,,,,2,,,1,,,,,,,,,,1,0,0,2,4,0,
26.520000458,,,,0,,0,,,,,,,,,,,,,,,,0,,,,,,,,,,6.6,,,,,,1,,,1,,,,,,,,,,,,,,,,,,
23.86000061,7,1,,,,,0,,0,1,1,,,0,,,,,,,1,,4,,,,0,,21,,0,7,1,0,0,,1,,0,,0,,0,,,1,,0,,7,,1,,0,,,,1,
18.079999924,,,0,,,0,,1,1,,,1,0,0,,3,1,9,,5,3,0,,0,0,,7,,7,1,0,,3,,1,0,,1,,3,1,,1,0,,,0,0,0,5,,,1,1,,,5,,
21.11000061,7,,,0,,,,1,1,,7,,,0,1,,1,,,2,,,,,,5,,,,1,,10,2,0,,0,0,0,1,7,0,4,,1,0,,,0,1,3,,1,,,0,3,,,0
41.810001373,,,,,,,1,,,,1,,,0,,2,0,8,,14,,,,1,,7,7,,,,,,4,,,,1,,,,1,,,,,,,,,,,,0,0,0,,,,0
19.200000763,,,,,,,0,,,,4,,0,,,,,9,,0,,,,,,1,,,,1,,,,,,,0,2,,,0,8,1,,,,,,0,,,,,,,,,,
24.690000534,,,2,,,,,,,,2,,,,4,,,,,,,,,,0,2,,,,,,,,,,,1,,,,,,,0,,,,,,,,,,,,,,,
23.399999619,,,,,,,0,1,,,,6,,,,,1,9,,,,,,0,,,,,10,,,6,,,,,1,0,0,,0,35,,,,,,,1,,,1,,0,,,,1,0
23.030000687,1,,,0,1,0,,,0,,,2,,,,3,1,8,5,,,,,,1,,,1,,,0,8.5,7,,1,1,,0,,4,,25,1,1,0,,,0,,,,,,0,,,5,,
41.880001068,,,0,,,,0,0,,,,1,0,,,,1,,,,,,,,,,,,21,,,,,,,,0,,,3,,,,1,,,,0,,,,,,,,,,0,
25.819999695,,,3,1,0,,,,,,,,,,2,5,0,8,,,5,,,,,,,1,,,,,,,,,,2,,,1,,,,,,,,,,0,,,,,,,,
29.350000381,5,0,8,0,0,0,1,,0,1,4,,1,0,,4,0,,,5,2,200000,,0,1,7,,0,5,0,0,,1,1,1,1,1,0,1,6,1,2,,0,1,2,,0,1,,1,1,,1,0,12,0,,1
31.090000153,,,,0,1,,,3,0,,,,0,,,2,0,,,2,5,,7,1,,7,7,1,,0,0,,4,,0,0,1,,0,,,15,,1,,3,,1,,6,1,,0,0,0,8,0,,
30.559999466,,1,2,,0,,0,2,,,,,0,0,0,,,9,,10,,,,,0,6,,1,6,1,0,,,0,1,1,1,0,,5,1,20,0,1,,5,5,1,,6,,1,1,,0,,,,0
29.290000916,,,,,,,,,,,,,,,,,,,,,,,,,,,,,,,,,,,,,,,,,,,,,,,,,,,,,,,,,,,
0,,,,,,,,,,,,,,,,,,,,,,,,,,,,,,,,,,0,,,,,,5,,,,,,,,,,,,,,,,,,,
25.100000381,5,,,,0,1,,0,1,,,,0,0,,5,,,,,5,5,,,,,,1,,0,0,,3,,,0,,,,6,1,20,,0,0,2,,,0,,,,,,,,,1,
28.190000534,1,1,3,,,,,,1,,,,,,2,,,,,,,,,,,,,0,,,,,4,,,0,,,,,,,,,0,,,,1,,,,,,,,0,,
32.779998779,1,1,1,0,0,1,0,1,1,0,6,6,0,0,1,1,0,6,5,3,4,0,5,0,1,2,4,1,6,1,0,7.7,1,0,1,0,0,0,0,4,,5,1,0,0,7,24,1,0,0,0,1,1,0,0,0,5,0,0
22.370000839,,,1,,,,,0,,,,2,,,,,0,9,,,,1,,,1,,,,,,,,,,,,1,,,,,6,,,,,,,1,,,,,,,,,0,
36.900001526,,,,,0,0,,,,,,,,,,1,,8,,0,,,,,,,,0,,,,8,7,,0,,,,0,5,0,80,,,,,,0,,5,,,0,0,,10,,0,
23.340000153,,,,0,,,,,,,,,,,,,0,8,,,,5,,,,,5,,6,,1,,5,,0,,,,,,1,4,0,,,2,,,0,,,,0,,0,,0,1,0
22.459999084,,,,,,,,,,,,,,,,1,,,,,,,,,0,,,0,,,,,,,,,,,,,,,,,,,,,,,,,,,,,,,
17.63999939,,,,,,,,1,,0,3,,0,,,7,,,,0,2,,,24,,,3,0,,,0,9,5,,0,0,1,3,,,,24,0,,0,5,9,,,0,1,,,,,,,0,1
33.36000061,,1,,,1,0,1,0,0,1,,7,1,0,3,14,0,5,0,7,4,0,1,0,0,1,2,,,0,0,,,0,0,,0,,1,2,1,0,0,1,0,1,5,0,1,7,,,0,1,0,14,0,,0
23.959999084,,,,,,,,,,,,,,,,,,,,,,,,,,,,1,,,,,,1,,,,,,,,,,,,,,,,,,,,,,,0,,
23.399999619,,,,,,,,,,,,,,,,,,,,,,,,,,,,,,,,,,,,,,,,,,,,,,,,,,,,,,,,,,,
26.63999939,,,,,,,,,,,,,,0,,,,,,,,,,,,,,,,,,,,,0,,1,,,,,,,,,,,,1,,,,,,,2,,,
18.649999619,1,,,,0,0,,1,,0,,4,,,,,,8,,1,,,7,,,1,0,0,,,0,,4,1,,,,,,,,,1,,,,,,,0,,,,,0,0,,,0
24.129999161,,,,,,,,,,,,,,,2,,,8,,,1,,,,,,,0,,,,,,,,,,,,,,,,,,,,,,,,,,,,,,,
41.810001373,3,,1,1,1,0,1,0,,0,1,5,,0,0,,1,8,1,14,1,0,6,1,1,7,,1,,,,,6,0,0,1,1,,,1,1,,0,,1,7,,0,1,,1,1,0,0,0,5,0,1,0
26.430000305,,,,,,,,,,,,,,,,,,,,,,,,,1,,,,,,,,,,,,,,,,,,,,,5,,0,,,,,,,0,,,,
24.129999161,,,,0,0,,,,,,,,,,,,,,,5,,,,,,,1,,,,0,,,,0,,,,,3,,,1,,1,5,,,,,,1,,,,,,,
25.959999084,,,,8,0,0,,2,,,,,0,0,3,,1,8,3,,5,0,2,0,0,6,,,4,6,0,12,5,,0,0,1,0,0,,0,,0,1,0,,,0,0,,,1,,0,,3,3,3,0
27.100000381,7,1,3,0,1,0,0,0,0,1,2,1,1,0,1,3,0,8,1,7,1,0,1,1,0,1,3,1,5,1,0,8,4,1,0,0,1,5,8,6,0,18,0,1,0,4,21,0,0,1,1,1,0,0,0,5,2,1,0
44.279998779,4,,2,,,0,0,,,,,,,,,,0,8,,,,,6,,1,5,5,,,0,,,,,0,,,,,5,1,,0,,,,,,,2,,1,0,1,,,,0,
26.309999466,,1,,1,,1,,6,,,,,,,,3,1,9,,,,,2,0,,2,,0,6,,,7,,,,1,,0,,7,,,,,,,,,1,,1,4,,,,,5,0,
23.239999771,,,,,,,,,,0,,7,,0,,,,,4,,,,,,,3,,,,,,,,,,,,,,,,,,,1,,,,,,,,,,,,,,
19.75,,,,,,,0,0,,0,,2,,0,,,,,,,,,7,,1,,,0,,,,,,,,,,,,,,3,,,1,,,,1,0,,3,1,0,,,,,
36.340000153,3,1,,0,0,0,0,1,1,0,6,,0,0,10,,0,8,0,0,4,0,1,0,0,3,,0,8,1,0,,,1,1,1,1,0,0,2,,12,1,0,0,6,10,,0,2,,3,0,0,,2,0,0,0
22.38999939,,1,0,1,0,,,,,1,,,,0,3,,0,9,,5,,,,,0,,,,,,,,,1,0,,,,,,,,0,0,0,,,0,,,,6,,,,,0,0,
20.329999924,7,,4,1,0,0,0,18,1,1,3,6,,0,3,7,,6,0,7,1,,,,0,3,,1,,1,,,7,1,0,1,1,0,,7,0,28,1,,0,3,11,1,0,7,,,,,0,4,0,1,0
27.88999939,,1,0,0,0,0,0,7,1,0,,3,0,0,1,,1,8,,,,,1,0,,7,5,,5,1,1,8,,1,1,1,1,2,0,3,1,,1,8,,,,0,0,1,1,4,,,0,1,5,0,
24.090000153,,1,1,,0,,0,,0,,,,0,0,,,,8,5,,,,,1,,,0,1,,1,1,,,1,0,,,,,6,,,,1,,,,,1,,,7,,,0,,,,
20.770000458,6,0,3,0,0,0,0,4,0,1,7,,0,0,8,4,0,8,,7,2,,1,1,,3,6,,,1,,,2,1,0,,1,0,0,,0,2,0,,,,13,0,,4,1,8,,,0,,,1,
34.619998932,,,,,,,,,,,,,,,,,,6.5,,,,,,,,,,,,,,,,,,,,,,,,,,,,,,,,,,,,,,,,,
21.450000763,1,,,0,,,0,0,,0,7,1,,,,1,1,8,5,5,,0,1,0,,1,,0,5,,,,,,,,0,,,1,,,,0,,7,,,,0,0,1,,0,,0,,0,0
37.509998322,7,1,0,0,,,0,,1,0,1,4,0,,1,1,0,7,0,,1,0,7,,1,,,1,7,0,0,,1,1,0,1,1,,0,,0,3,,,,7,7,,0,4,0,1,0,0,0,5,0,1,0
24.38999939,,,,,,,,,,,,,,,,,,10,,,,,,,,,,,,,,8,,,,,,,,,,,,,,,,,,,,,,,,,,,
22.309999466,,,,1,,,0,,,1,,,,,,,,7,,,,,,,,1,,,,,,,,,,0,1,,,,,,,,,,,,,,,,,,,,5,,
24.409999847,,,2,,,,0,,,,,7,,,,5,,8,5,,,,7,,0,,7,,10,,,,7,1,1,,,0,,6,,20,,,0,3,,0,0,0,1,1,,,,7,,0,
25.120000839,,1,,,,,,1,,,,,,,3,3,0,,5,6,,,4,,,1,,,4,0,0,,7,,,0,1,1,,6,,,1,0,,1,,0,,,,,,,0,5,5,,0
22.959999084,,1,0,0,0,0,0,0,,,10,1,0,,,1,,10,5,0,1,1,3,0,,2,3,0,7,1,0,,,1,,1,1,2,,5,0,,,,,7,,0,0,0,1,,,1,0,0,5,0,1
25.739999771,1,1,2.5,1,0,,0,0,,0,4,,0,0,1,2,1,8,4,1,2,,,0,0,6,6,0,,1,0,10,6,0,1,0,,0,0,4,0,,1,,,2,20,0,0,0,1,2,,0,0,,4,0,0
22.940000534,,,,,,,0,,,,,,,,,,,9,,,,,,,,,,,,,,,,,,,,,,,0,,,,,,,,,,,,,,,,,,
0,,,,,,,,,,,,,,,,,,,,,,,,,,,,,,,,,,,,,,,,,,,,,,,,,,,,,,,,,,,
0,,,,,,,,,,,,,,,,,,,,,,,,,,,,,,,,,,,,,,,,,,,,,,,,,,,,,,,,,,,
36.619998932,6,1,3,,,0,,,1,1,6,6,0,,3,7,0,9,,12,,0,1,0,1,6,5,0,7,1,0,,,1,1,0,1,5,,6,0,,,,0,5,,,0,3,1,,0,0,0,,0,1,0
26.540000916,,0,,,1,,1,,0,,1,,,,,,,,3,,,,,,,,4,,5,,,,,,1,,,,0,5,,,,,,,9,,,,,,,,,5,,1,
31.870000839,,,,,0,,,,,,,,,,,,,,,,,,,,,6,,,,,,,,,,,,,,,,,,,,,,,,0,,,0,,,,,,
25.129999161,,,,,0,,,,,,1,,1,0,3,,0,7,5,5,6,,,,,,4,,,,,,,0,,,,,0,,1,,,,,,,1,,,,1,1,,0,,,,
20.629999161,7,1,0,0,0,0,0,0,1,0,1,1,0,1,1,3,1,8,5,8,1,0,7,0,0,1,3,0,7,1,0,5.2,7,1,0,1,1,0,0,4,1,14,0,0,1,7,7,0,0,7,1,1,1,1,0,14,5,1,0
26.620000839,,,,,,,,,,,,,,,,,,8,,,,,,,,,,,,,,,,,,,,,,,,,,,,,,,,,,,,,,,,,
22.709999084,,,1,,,,,,,,,,,,,,,,,,,,5,,,,,,,,,,,,,,,,,3,,,,,0,,,,,,,,,0,,,,1,
27.459999084,3,,,,,,,,,0,,,,,,,,8,,,,,,,,,3,,,,0,,,,,,,,,6,,,,,,,,,,5,,,,1,,,,,
29.75,,,,,,0,0,,,,,,,,2,,,,,,,,,,,,,,,1,,,,,,,,,,,,,,,,,,0,,,,7,,,,,,,
19.920000076,,,,0,0,,,,,,,,,,,,,8,0,,,2,,,,2,,0,,,,,7,1,,1,,2,0,,,,,,,,,,,0,,,1,0,0,,,,
33.279998779,5,1,1,0,0,0,1,0,0,1,6,4,0,0,2,4,0,8,5,5,1,0,3,0,1,7,5,0,6,1,0,7,1,0,1,1,0,0,0,5,0,8,0,0,0,1,12,0,0,6,0,1,1,1,0,6,5,0,0
41.810001373,,,,,,,1,,,0,,,,,,,,8,,,,,,,,,,,6,,0,,,,,1,,,,,,,,,,,,,1,,,,,,,,,,
35.290000916,,,,,,,,4,,,,,,,,,,,,,,,,,,,,,,,0,,,,,,,,,,1,3,,,,,,,,,0,,,,,,,,
25.239999771,2,1,,0,0,0,0,2,1,1,6,7,,0,2,4,0,,0,,5,,7,,1,,0,,4,1,,,,1,0,,0,,0,6,0,,0,0,0,2,,0,0,,0,2,0,,0,15,0,0,0
23.129999161,1,,0,0,0,,1,,,,,,0,0,,4,,,,,,,7,0,,6,4,,5,,1,7,2,0,,,,0,,,,10,1,,1,,15,,,,,1,,0,0,,,0,
31.75,,,,,,0,,,1,0,2,,,,2,,,8,,,,,,,,3,0,,,,,,6,1,,,,,0,,,12,1,1,,,,,0,0,,,,,,0,5,0,
23.200000763,5,1,,0,,0,0,1,0,0,,2,0,0,1,,0,9,,0,1,,,0,0,,0,1,7,1,0,,2,1,,0,0,7,0,5,,4,,,0,4,,,0,7,0,1,1,,,,,,1
37.549999237,,,,1,,,0,,,,,,0,,,,,,,,,,,0,1,,,,,1,,,,0,1,,,,0,,,,,,,,8,,,,,2,,,0,2,,,0
24.049999237,2,,1,,,,0,1,1,0,7,1,0,0,1,1,,8,4,0,1,1,7,,1,,2,0,6,1,,8.6,4,,0,1,1,3,,,0,,1,0,,,14,0,0,0,0,1,1,0,0,1,4,0,1
35.86000061,,0,,,,0,,,,1,,,0,,,,,6,,,,,,,,,5,,7,1,,8.33,,,0,1,,0,,,,,,,0,,,,,,,1,,,,12,,,
26.319999695,7,1,0,0,1,1,0,,0,1,,,0,0,2,,0,8,3,,1,0,1,0,,2,3,0,7,0,0,,5,1,0,1,1,0,0,,,,1,0,0,,8,,0,7,0,6,1,0,,7,0,,0
26.870000839,,,,,,,,,,,,,,,,,,8,5,,,0,,,1,5,,,,1,0,,,,1,,,,,,1,,,,,,7,,,,,,,0,0,2,,,
24.690000534,,,,,,,,,,,,,,,,,,9,,,,,1,,,,,,,,,,,,,,,,0,,,,,1,,,,,,,0,,,,,,,,
17.229999542,2,1,,0,0,0,,,,,6,7,0,0,2,7,0,,,,,1,1,0,,,0,0,5,1,1,7.8,4,,,,,,0,7,0,,,,0,,7,0,,3,1,2,,0,0,3,0,0,0
23.239999771,,1,,,,,,,,,,,,,,,,,,,,,,,,,,,,,,8,,,,,,,,2,,,,,,,,,,,,,,,,,,,
25.819999695,5,1,,1,0,1,0,2,1,1,7,7,0,0,2,4,0,8,5,7,7,0,1,0,0,6,5,1,,0,0,10,,,0,0,1,3,0,5,1,12,1,,0,3,10,,0,7,0,1,,0,0,10,,1,0
23.239999771,,1,,,,1,,,,,,,0,0,,,,,,,,0,,,1,,,,,,,8,,,0,,,,,2,,5,,,,,,,,,,,,,,1,,,
19.309999466,7,1,0,0,0,,0,0.5,0,0,,2,0,1,2,,1,10,5,5,7,5,7,0,1,7,,0,7,1,1,4,,1,,0,,5,0,3,1,10,1,0,0,5,16,0,0,0,0,5,,,,0,5,1,1
41.840000153,,,1,,,,,,,0,6,,,0,,3,,8,,0,6,,,0,,,5,,,1,,,4,0,,,,0,,5,,8,,0,0,2,,,,,0,1,,,0,,5,0,
22.959999084,1,,,0,0,,0,1,0,0,7,1,0,0,,2,0,,4,0,1,0,7,,1,1,,0,5,0,0,,1,1,0,,1,0,0,,0,1,1,0,,7,8,,0,6,0,1,1,0,0,6,5,0,0
21.430000305,3,,1,0,,0,0,0,1,0,7,,0,1,,2,1,,5,5,1,0,,0,0,,7,0,6,1,0,,6,1,,1,1,,,2,,,1,0,0,7,10,0,0,0,1,,1,,0,1,5,0,0
28.190000534,5,1,3,0,0,1,8,16,0,0,4,3,0,0,2,5,0,8,2,5,6,,7,1,1,7,3,1,19,8.8,0,8.8,3,0,0,0,1,0,0,5,1,5,0,1,0,5,13,1,0,19,0,1,0,1,0,19,2,1,0
17.63999939,,1,,0,0,0,1,,0,0,2,5,,0,1,7,1,9,,0,2,,1,0,0,,3,,,,0,9,5,1,0,0,1,5,0,,,8,0,1,0,6,,0,0,0,1,1,1,0,,0,,0,1
29.86000061,3,1,3,0,0,1,8,3,1,1,1,7,0,0,10,3,0,8,0,0,1,0,1,0,0,4,5,9,5,1,0,9,1,0,0,2,1,0,0,5,0,2,1,1,1,2,0,0,1,10,0,2,0,0,0,7,0,1,0
35.709999084,1,1,2,1,0,1,1,1,7,1,2,6,0,0,2,1,0,5,0,5,5,1,1,0,0,7,4,1,4,0,1,7,3,0,0,0,1,2,1,2,0,5,0,0,1,3,18,1,1,5,0,3,0,1,0,7,0,1,1
21.61000061,,,,,,,0,,,,,4,,,2,,,7,,,3,,,,,,,,,,,,,,,,,,,,,32,,,,,,,,,,2,,,,,2,,
21.969999313,,,,,0,,,1,,,,,,,2,,,,,,,,,,,7,,,,,,,,1,1,,,,,,,,,,,,,,,,,7,,,0,,,0,
35.869998932,,,,,,,,,,,,,,,,,,,,,,,,,,,,,,,,,,,,,,,,,,,,,,,,,,,,,,,,,,,
42.709999084,7,1,3,1,,1,0,,,1,5,7,0,,4,15,1,8,,,,,7,0,1,7,,,,1,0,,,1,0,1,,,0,,1,7,,0,0,,9,0,0,,1,1,1,0,0,3,5,0,0
54.689998627,7,1,1,1,0,1,8,1,1,0,6,6,0,0,1,2,0,8,2,0,7,0,3,0,1,1,5,1,6,1,0,8,2,1,0,1,1,2,0,2,0,15,0,0,0,6,32,1,0,2,1,2,1,0,0,2,3,1,0
31.61000061,,1,,,0,,,,,,,,,,,,,7,,,,,,,,,,,,,,,,,,,,0,0,,,,1,,,,,,,,,,,,0,,0,,
47.819999695,1,,0,0,0,,,1,0,,,,,0,,,,9,,,,0,7,,1,5,,,10,1,0,,7,,1,0,1,5,,1,1,40,,,1,,,,0,0,,,1,,,,,0,
22.38999939,,,,,,,,,,,,,,,,,,,,,,,,,,,,,,,,,,,,,,,,,,,,,,,,,,,,,,,,,,,
30.549999237,5,1,1,0,0,0,0,,1,0,7,1,0,0,3,0,1,9,5,0,3,0,3,0,0,4,0,0,18,1,1,10,6,1,1,1,1,3,0,1,1,,1,0,1,,6,0,0,0,1,5,1,1,0,2,5,1,1
33.650001526,,1,,1,,1,,0.5,0,1,,6,,0,,,,7,,0,,,,,0,,4,0,,1,,6.5,,1,1,,1,,0,6,,5,,0,,2,,,0,5,0,,,1,0,,,,0
28.5,7,1,3,1,1,0,0,1,0,1,,,0,0,1,1,0,7,,0,1,0,,1,0,6,4,1,3,0,0,9,,0,0,0,0,0,7,6,0,20,0,1,0,2,12,1,,3,1,3,0,1,0,4,2,1,
31.209999084,,1,0,,,1,,0,,,,5,0,,,,,,,,,,5,0,0,,3,,7,,,3.6,4,1,,1,,,0,,,10,1,,,,,,,,,,1,0,0,,,,1
35.299999237,,,,1,0,,0,0,,,,7,,0,,,,,0,,,,,,0,,,,,,,8,1,,,1,,,,,1,14,,,0,,,1,,,1,1,,1,0,,,,0
29.010000229,,,1,,0,,0,,,,,,1,,2,1,,,2,,2,0,4,0,,,,1,,,1,7,3,,1,1,,1,,,,,0,,,6,,,,7,,,0,0,0,7,2,,0
24.409999847,,,0,,,,,1,,,,,,,,0,,9,,,,,,,,7,,,,,,,,,,,,,9,,1,,,0,0,,,,,,,1,,,,,,,
29.979999542,,,,,,,,,,,,,,,,,,,,,,,,,,,,,,,,,,,,,,,,,,,,,,,,,,,,,,,,,,,
24.270000458,2,1,4,0,0,0,0,3,0,0,6,5,8,0,1,4,0,8,0,0,1,0,4,0,0,4,4,0,4,1,0,8,1,0,1,0,1,4,0,4,1,3,0,0,0,2,0,0,0,2,0,1,0,1,0,3,0,0,0
27.229999542,,1,5,,,,,,,1,,,0,,,,0,,,,,0,,,,,,,,1,0,,,,,,,0,,,,,1,,0,,,,,,,,,0,,,,0,0
24.370000839,,,,,,,,,,,,,,,,,,8,,,,,,,,,,,,,,,,,,,,,,,,,,,,,,,,,,,,,,,,,
41.270000458,,,,,0,,,,1,,,,,,,,,,,2,,,,,,,,,,,,7.8,,1,,,1,,0,,1,,,,,,,1,0,,,,,,,,,,
25.840000153,4,1,1,1,0,1,0,1,1,0,6,8,0,0,2,12,0,8,3,5,6,0,1,0,0,5,6,0,6,1,0,7,3,0,0,0,1,2,0,6,1,10,0,0,0,2,40,0,0,0,0,2,1,0,0,0,,0,0
25.719999313,,1,5,,,1,,2,1,,7,,1,,3,,,8,5,,7,,,0,,,5,,,1,0,,1,,0,1,,,,,0,,,0,,1,,0,,,,,,0,0,,,0,
21.299999237,,,,,,,,,,,,,,,,,,,,,,,,,,,,,,,,,,,,,,,,,,,,,,,,,,,,,,,,,,,
27.459999084,1,1,0,0,0,0,1,1,1,0,,1,0,0,2,0,1,9,5,2,7,1,4,0,0,7,0,0,14,1,1,8,2,1,1,1,0,7,0,1,0,10,0,0,1,7,20,0,0,0,1,4,1,0,0,0,,1,9
28.479999542,6,,2,0,0,1,0,19,1,1,6,,0,0,5,1,,6,2,,2,,7,0,,7,,0,20,1,0,8,2,1,1,0,1,5,0,5,,5,1,0,,,,0,,,0,6,6,,0,,,0,0
21.120000839,,1,3,,,1,,3,,,1,2,,,3,,,8,0,,,,4,,,7,,,,0,,,,,,,,,,,,,,0,,,,,,,,,,1,,,,1,
26.920000076,,1,,0,0,,0,0,1,7,7,5,,0,,,1,7,,,2,3,,,1,,6,0,7,,1,,,,,,,5,,,,30,,0,,,7,0,,,,2,1,0,,0,,,
23.579999924,,,,,,,0,,,,,,0,,,,,8,,7,,,,,,,,1,,,,,,1,,,,0,,,0,,,,,,,,,,,,,,,,,,
25.100000381,3,0,10,1,1,,0,5,1,1,1,3,,,,5,,,2,6,1,4,1,1,0,6,,,4,1,0,12,1,0,0,1,1,0,,7,,8,0,,0,1,7,,,7,0,,0,0,0,,,,0
23.049999237,,,1,,,,,,,,,,,,,,,,,,,,1,0,,2,,,6,,,,,1,,,1,2,,,,10,,,,,,0,,2,,1,,,0,2,,0,
26.920000076,3,1,,,1,0,0,1,,0,,,,0,2,,0,,2,0,2,0,4,,1,,,1,4,1,0,7,6,1,1,1,1,0,0,3,0,,,1,1,5,,0,0,3,1,,1,0,,3,2,,1
30.920000076,2,,,,0,,,,,,7,6,,0,,,1,,,,2,,,0,1,,,,,1,,,7,1,,,1,,0,,0,25,1,0,,6,,0,0,,1,,1,,,2,5,0,1
29.190000534,7,1,3,1,0,,,,1,,,7,,,,,,,,,,,,0,,,,1,,1,,,2,0,0,,,,,,,,,0,0,,,,,,,,1,1,0,,5,1,0
27.409999847,,,,,,,,,,,,,,,,,,,,,,,,,,,,,,,,,,,,,,,,,,,,,,,,,1,,,,,,0,,,,
43.930000305,,,,,,1,,,,,,,,,,,,8,,,,,,,,,2,,,,,,1,0,,0,,,,,,,0,0,,,17,,,0,,,,,0,,,,
27.920000076,4,1,0,1,0,,1,,0,1,,7,0,,2,1,,,5,7,6,,7,,,,7,0,,1,1,8.7,2,0,0,,1,,0,5,1,,,0,0,,8,0,,0,0,3,1,0,0,0,,,1
43.349998474,2,0,1,,,,1,1,0,0,,,0,1,1,3,1,,5,0,3,0,6,0,1,3,,,5,1,0,,3,0,,1,,,,3,,2,1,,,4,26,,,,0,1,1,0,0,0,,0,
