question_id,description,approval_status,question_type,skips,rank,user_id,created_at,updated_at,null
1,I generally use air conditioners on hot summer days,approved,agreedisagree,14,4,2,2013-06-25 19:59:59,2013-12-31 04:06:18,
2,Do you have a hot tub?,approved,yesno,7,19,2,2013-06-25 19:59:59,2013-12-15 23:46:20,
3,How many teenagers are in your home?,approved,number,20,52,2,2013-06-25 19:59:59,2013-12-18 02:03:23,
4,How many loads of laundry do you do per week?,approved,number,14,1,2,2013-06-25 19:59:59,2014-01-09 16:01:09,
5,Do you have an electric hot water tank?,approved,yesno,33,31,2,2013-06-25 19:59:59,2014-03-16 19:54:24,
6,"Most of my appliances (laundry machines, refrigerator, etc.) are high efficiency.",approved,agreedisagree,12,272,2,2013-06-25 19:59:59,2014-01-10 19:24:22,
7,How many people live in your household?,approved,number,2,18,6,2013-07-18 12:52:57,2013-12-18 02:49:46,
8,I only run the dishwasher when it's full.,approved,agreedisagree,85,1000,6,2013-07-18 12:53:51,2014-02-22 18:56:54,
9,I only use lighting when necessary.,approved,agreedisagree,6,97,6,2013-07-18 12:54:39,2014-01-25 01:18:09,
11,How many room/window air conditioners are in your home?,approved,number,7,8,14,2013-07-26 01:41:26,2014-01-28 16:47:55,
12,Do you have central air conditioning?,approved,yesno,4,11,14,2013-07-26 01:44:08,2013-12-07 21:15:54,
13,How large is your home in square feet of living space?,approved,number,62,16,14,2013-07-26 01:44:58,2014-01-21 16:09:23,
14,Do you have a stand-alone freezer?,approved,yesno,6,95,14,2013-07-26 01:46:23,2013-12-09 15:47:33,
15,Do you have a solar PV system or other renewable energy source?,approved,yesno,11,1000,14,2013-07-26 01:46:55,2013-12-27 01:34:04,
16,Does anyone in your home work from home?,approved,yesno,10,161,14,2013-07-26 01:47:37,2014-01-18 16:48:27,
17,Most of my lighting is high efficiency CFLs or LEDs,approved,agreedisagree,8,133,14,2013-07-26 01:48:30,2014-01-08 00:17:41,
18,Do you have a dehumidifier?,approved,yesno,4,20,8,2013-08-07 20:40:08,2013-12-08 21:14:11,
19,Do you have a pool pump?,approved,yesno,29,60,8,2013-08-07 20:40:42,2014-02-22 19:27:31,
20,Do you have an electric oven?,approved,yesno,4,121,21,2013-08-08 00:08:43,2013-12-07 21:47:08,
21,Do you have an electric range?,approved,yesno,8,1000,21,2013-08-08 00:09:28,2013-12-13 15:13:09,
22,How many pieces of toast do you toast on a typical week?,approved,number,18,66,21,2013-08-08 00:11:40,2014-01-20 02:24:10,
23,I never turn my wireless router off.,approved,agreedisagree,12,237,9,2013-08-13 19:26:48,2013-12-25 20:15:45,
24,"How many hours of TV or DVD\Video viewing is there, in your home, per week?",approved,number,16,87,9,2013-08-13 19:28:46,2014-01-20 02:30:22,
25,My desktop computer is always on.,approved,agreedisagree,29,24,9,2013-08-13 19:33:30,2014-01-08 02:36:27,
26,Do you use a "smart" power strip on your entertainment system?,approved,yesno,41,25,27,2013-08-15 02:28:28,2014-02-08 22:52:07,
27,Has a professional conducted airsealing and blower door testing on your home within the last 10 years?,approved,yesno,31,229,27,2013-08-15 02:30:27,2014-03-05 03:02:22,
28,Do you vacuum your refrigerator coils twice a year?,approved,yesno,7,153,28,2013-08-17 03:05:52,2013-12-14 21:27:36,
29,Do you generally floss your teeth at least once per day?,approved,yesno,20,1000,2,2013-08-22 21:58:35,2013-12-27 01:42:13,
30,How many cars are generally parked at your home each night?,approved,number,14,80,2,2013-08-22 21:59:17,2014-03-29 15:44:17,
31,How many teenagers live in your home?,approved,number,24,9,2,2013-08-22 21:59:59,2014-01-28 15:42:57,
33,Does your electric range have induction burners?,approved,yesno,136,1000,33,2013-08-30 15:59:53,2014-02-14 20:13:20,
34,How many months of the year do you use your dehumidifier?,approved,number,59,32,33,2013-08-30 16:04:45,2014-02-14 20:10:08,
35,At what percentage humidity level do you set your dehumidifier?,approved,number,196,102,33,2013-08-30 16:08:41,2014-02-22 19:08:37,
36,Is your freezer a frost-free model?,approved,yesno,48,211,33,2013-08-30 16:10:59,2014-02-14 20:12:48,
37,Do you have a toaster oven?,approved,yesno,4,230,33,2013-08-30 16:19:44,2013-12-19 16:49:26,
38,Do you have a microwave oven?,approved,yesno,1,6,33,2013-08-30 16:21:07,2013-12-04 00:10:50,
39,Do you have an electric dryer?,approved,yesno,13,109,33,2013-08-30 16:22:37,2014-01-08 01:40:04,
40,Do you have a front-load washing machine?,approved,yesno,16,196,33,2013-08-30 16:26:54,2014-01-07 21:16:42,
41,Size of your electric water heater? Number of gallons capacity.,approved,number,210,1000,33,2013-08-31 03:18:24,2014-02-14 20:12:28,
42,Do you have a hot air heating system? (electric blower/fan),approved,yesno,12,79,33,2013-08-31 03:21:27,2014-01-20 22:52:36,
43,At what temperature is your electric hot water heater set?,approved,number,215,1000,33,2013-08-31 03:26:34,2014-03-16 19:49:23,
44,I have a kerosene heater that heats my 1250 sq ' condo.  I also have baseboard electric heat.  I only use my Kerosene heater.  Is using Kerosene less expensive than using electric heat?,rejected,yesno,0,2000000000,36,2013-09-02 20:23:03,2013-09-02 21:09:34,
45,Do you sleep year-round with fans running at night?,approved,yesno,3,54,40,2013-09-13 19:48:00,2013-12-08 21:05:53,
46,I live alone and have an old thermostat for my hot air furnace. I set the thermostat at 60 during cold months while at work and at night and 65 when I am up. Would it be cost effective to get a new programable?,rejected,yesno,0,2000000000,11,2013-09-15 12:28:30,2013-09-15 16:04:18,
47,Do you go to bed earlier when the days are shorter?,approved,yesno,6,1000,23,2013-09-15 14:51:13,2013-12-30 21:12:17,
48,Do you unplug you electronics immediately after they've finished charging?,approved,yesno,6,72,23,2013-09-15 14:56:00,2013-12-16 02:26:26,
49,"I turn my electronics off at night when they're not in use. e.g., cell phone, laptop",approved,agreedisagree,7,1000,23,2013-09-15 14:56:54,2014-01-10 19:31:25,
50,Do you use an electric toothbrush?,approved,yesno,3,39,23,2013-09-15 14:58:54,2013-12-11 15:21:08,
51,How many hours a month use heating pad?,approved,number,33,1000,23,2013-09-15 15:03:25,2014-02-22 19:17:06,
52,How many hours a month do you use an electric blanket?,approved,number,35,1000,23,2013-09-15 15:03:50,2014-01-28 16:21:41,
53,Do you use an energy efficient ("energy star") refrigerator?,approved,yesno,25,1000,42,2013-09-25 21:58:01,2014-01-06 16:11:25,
54,Do you use a garbage-disposal unit in your sink?,approved,yesno,6,46,42,2013-09-25 21:58:45,2014-01-20 01:32:07,
55,"On how many appliances do you regularly use automated timers? (e.g. lights, stereo, ...)",approved,number,23,38,42,2013-09-25 22:06:00,2014-01-20 04:23:07,
56,How many rooms in your home have an exterior wall and windows that face east?,approved,number,19,23,42,2013-09-29 23:41:02,2014-01-10 19:41:04,
57,How many rooms in your home have an exterior wall and windows that face west?,approved,number,22,33,42,2013-09-29 23:41:38,2014-01-10 19:37:02,
58,How many rooms in your home have an exterior wall and windows that face north?,approved,number,15,77,42,2013-09-29 23:41:55,2014-01-10 19:12:33,
59,How many rooms in your home have an exterior wall and windows that face south?,approved,number,19,191,42,2013-09-29 23:42:14,2014-01-10 19:07:18,
60,Is part of your home clad with a brick or stone exterior?,approved,yesno,9,281,42,2013-09-29 23:43:59,2014-01-18 16:39:03,
61,Is all of your home clad with a brick or stone exterior?,approved,yesno,13,1000,42,2013-09-29 23:44:13,2014-01-10 19:30:38,
62,How high (in feet) are the ceilings on the main floor of your home?,approved,number,26,1000,42,2013-09-29 23:45:30,2014-02-14 20:14:13,
63,How high (in feet) are the ceilings on upper/additional floors of your home? (Answer 0 if not applicable),approved,number,39,1000,42,2013-09-29 23:47:02,2014-02-14 21:31:56,
64,Do you generally watch TV in bed at night?,approved,yesno,6,83,43,2013-10-04 14:45:18,2013-12-27 01:43:15,
65,"If you live in a one-story dwelling, which floor do you live on?  0=not applicable (my house/unit has more than one story); 1=ground floor; 2=2nd floor; 3=higher than 2nd floor; 4=basement; 5=half-basement",rejected,number,58,1000,42,2013-10-14 15:47:33,2013-12-19 17:34:49,
66,How many of your household occupants are away at school/ college?,approved,number,44,212,33,2013-10-20 22:27:35,2014-02-02 12:34:59,
67,During the winter do you  set back the thermostat at night or when the home is not occupied?,approved,yesno,6,1000,8,2013-11-04 22:34:05,2013-12-09 00:13:03,
68,Do you have programmable thermostats in your home?,approved,yesno,5,253,8,2013-11-04 22:39:56,2013-12-09 20:11:50,
69,How many heating zones do you have in your home?,approved,number,37,22,8,2013-11-04 22:40:35,2014-03-06 13:59:03,
71,Do you have hard-wired smoke and/or carbon monoxide detectors?,approved,yesno,14,27,56,2013-11-20 23:57:32,2014-01-09 21:29:13,
72,What percentage of your lights have dimmers?,approved,number,14,82,56,2013-11-20 23:58:47,2014-01-20 03:46:22,
73,"Do you unplug your appliances after their use  (as opposed to leaving them continuously plugged in; ex: toaster, coffee maker, lamps, chargers, etc.)?",approved,yesno,5,34,67,2013-11-21 03:57:15,2014-01-18 16:42:16,
74,"What's the size of your home or apartment, in square feet?",approved,number,56,1000,70,2013-11-21 15:02:44,2014-02-01 19:05:01,
75,"Do you live in a condominium that provides heat, cooling or hot water as part of the monthly assessment?",approved,yesno,35,1000,73,2013-11-21 15:34:43,2014-01-29 15:14:22,
76,How many TVs are in your home?,approved,number,2,35,85,2013-11-23 00:41:09,2013-12-04 21:47:57,
77,How many hours a day is there someone awake in your home?,approved,number,17,171,85,2013-11-23 00:44:19,2014-03-09 14:59:17,
78,How many days per week do you use a hair dryer?,approved,number,9,148,88,2013-11-24 04:29:56,2013-12-27 01:41:42,
79,Do you have an unfinished basement?,approved,yesno,22,1000,11,2013-11-24 13:23:55,2014-01-15 14:55:40,
80,Are your basement walls sealed?,approved,yesno,92,104,11,2013-11-24 13:25:18,2014-02-22 19:21:25,
81,What temperature is your thermostat set at?,approved,number,15,209,89,2013-11-24 13:37:17,2014-01-06 15:52:37,
82,How old is your furnace?,approved,number,80,1000,89,2013-11-24 13:37:38,2014-03-29 15:45:04,
83,Do you have an exhaust fan in your bathroom that runs automatically based on humidity?,approved,yesno,3,1000,63,2013-11-24 18:47:11,2013-12-05 03:42:33,
84,Do you have an exhaust fan in your bathroom that is motion activated?,approved,yesno,3,205,63,2013-11-24 18:48:47,2014-01-05 17:13:43,
85,Do you live in a rental unit that comes furnished with appliances?,approved,yesno,25,81,63,2013-11-24 18:53:57,2014-03-07 12:59:39,
86,Do you live in a rental unit that supplies your hot water heater?,approved,yesno,33,5,63,2013-11-24 18:54:56,2014-01-29 23:57:21,
87,"Do you use insulated curtains to keep out heat or cold, depending on the season?",approved,yesno,5,1000,63,2013-11-24 18:56:57,2013-12-19 16:02:32,
88,Do you use the automatic oven cleaner on you stove?,approved,yesno,19,90,63,2013-11-24 18:58:14,2014-01-18 16:43:53,
89,Do you stop your dishwasher when it gets to the dry cycle and open the door to let the dishes air dry?,approved,yesno,81,69,63,2013-11-24 18:59:52,2014-02-22 19:18:31,
90,Do electric dryer's waste energy?,rejected,yesno,0,2000000000,94,2013-11-25 17:30:31,2013-11-25 18:04:22,
91,Should I buy a new dryer?,rejected,yesno,0,2000000000,94,2013-11-25 17:31:30,2013-11-25 18:04:25,
92,Do you listen to the radio in your home?,approved,yesno,4,1000,95,2013-11-25 19:57:07,2013-12-09 19:29:05,
93,Does anyone in your household use an electric wheelchair?,approved,yesno,4,235,95,2013-11-25 19:58:18,2013-12-07 20:48:09,
94,How many times a week do you use your oven?,approved,number,8,129,95,2013-11-25 19:59:57,2014-01-20 01:18:56,
95,How long is your typical shower in minutes?,approved,number,7,190,95,2013-11-25 20:00:48,2014-01-02 03:21:07,
96,Do you have children under 18 in your household?,approved,yesno,4,248,95,2013-11-25 20:01:34,2013-12-09 02:20:01,
97,is it true that electricity usage is less expensive after 9PM?,rejected,agreedisagree,0,2000000000,97,2013-11-25 22:55:50,2013-11-26 01:26:58,
98,"is it true that running the water until it gets hot, makes an appliance use less energy?",rejected,yesno,0,2000000000,97,2013-11-25 22:58:00,2013-11-26 01:27:02,
99,Do you own an electric vehicle?,approved,yesno,6,128,103,2013-11-27 17:54:01,2013-12-09 16:53:58,
100,How many of your light fixtures use LED bulbs?,approved,number,38,1000,103,2013-11-27 17:55:08,2014-01-25 01:21:10,
101,Does your dehumidifier automatically shut off when desired humidity level is reached?,approved,yesno,143,249,103,2013-11-27 17:56:07,2014-03-23 22:30:48,
102,"If it's yellow it's mellow, if it's brown flush it down.",approved,agreedisagree,14,221,104,2013-11-29 13:20:25,2014-01-18 16:34:46,
103,Should I unplug my television at bedtime?,rejected,yesno,0,2000000000,111,2013-11-29 19:54:52,2013-11-29 20:56:38,
104,Should I unplug my laptop overnight?,rejected,yesno,0,2000000000,111,2013-11-29 19:58:15,2013-11-29 20:56:35,
105,Should I unplug my laptop if I am not going to use it for 2-4 hours?,rejected,yesno,0,2000000000,111,2013-11-29 19:59:36,2013-11-29 20:56:31,
106,Is your hot water heater controlled by a timer?,approved,yesno,40,1000,112,2013-11-29 22:01:50,2014-03-05 03:02:27,
107,Do you live in a mobile home?,approved,yesno,4,17,119,2013-11-30 00:08:44,2013-12-22 13:06:01,
108,How old is your mobile home?,approved,number,250,42,119,2013-11-30 00:09:09,2014-03-16 19:53:17,
109,Do you use heat tape during the winter on the pipes of your mobile home?,approved,yesno,172,242,119,2013-11-30 00:10:04,2014-03-07 12:58:23,
110,How many hours a day do you run humidifiers in your home,approved,number,43,88,120,2013-11-30 00:14:57,2014-02-14 21:19:40,
111,"Do you leave any lights on overnight (i.e.,night light, porch light, etc)",approved,yesno,4,89,120,2013-11-30 00:16:17,2014-01-11 20:45:43,
112,"If you use electric exercise equipment at home, how many hours a week are they on (i.e. treadmill, stair climber, etc.)",approved,number,154,1000,120,2013-11-30 00:19:14,2014-03-09 14:54:29,
113,How many months per year does your furnace run?,approved,number,40,1000,120,2013-11-30 00:20:30,2014-01-20 03:47:01,
114,How many months per year do you hang clothes to dry?,approved,number,28,233,120,2013-11-30 00:21:40,2014-02-22 19:07:21,
115,Do you have double paned glass in your windows?,approved,yesno,17,189,120,2013-11-30 00:23:08,2014-01-07 21:06:13,
116,Do you use natural gas to heat your home?,approved,yesno,10,289,120,2013-11-30 00:24:27,2014-01-08 02:45:31,
117,Do you use natural gas to heat your water?,approved,yesno,16,40,120,2013-11-30 00:24:52,2014-01-08 01:49:06,
118,Do you leave the water running while you brush your teeth?,approved,yesno,7,13,120,2013-11-30 00:25:45,2013-12-30 17:36:32,
119,"Do you use an e-reader (i.e.nook, kindle, etc)?",approved,yesno,8,29,120,2013-11-30 00:28:31,2014-01-09 16:03:17,
120,Does your furnace draw combustion air from a separate conduit ,approved,yesno,113,103,127,2013-11-30 13:37:14,2014-02-14 20:13:53,
121,How many double paned windows are in your home,approved,number,37,155,139,2013-11-30 18:16:21,2014-02-14 20:14:40,
122,Do all windows have storm windows,approved,yesno,25,1000,139,2013-11-30 18:17:49,2014-01-28 16:42:42,
123,How many windows are not double pane but have storm windows,approved,number,52,1000,139,2013-11-30 18:18:58,2014-03-29 15:43:15,
124,Do you turn off all lights when not in use,approved,yesno,5,119,73,2013-12-01 14:41:15,2013-12-16 01:39:58,
125,Do you have access to natural gas?,approved,yesno,9,2,119,2013-12-01 15:08:59,2013-12-16 01:40:11,
126,Do you have access to an outside clothesline?,approved,yesno,6,1000,119,2013-12-01 15:09:36,2013-12-15 19:08:54,
127,Do you need to use a humidifier?,approved,yesno,11,167,119,2013-12-01 15:10:40,2013-12-19 16:45:43,
128,does your hot water heater have a jacket,approved,yesno,61,47,106,2013-12-01 15:53:55,2014-03-28 12:21:49,
129,does your exterior wall electical switches have insulated pads in them,approved,yesno,63,134,106,2013-12-01 15:58:08,2014-01-23 23:28:11,
130,"How many Apple devices do you have in your home (iPod, iPhone, iPad etc.)?",approved,number,12,132,95,2013-12-01 20:40:15,2014-03-07 12:57:46,
131,"Do you have a tank-less, on-demand water heater?",approved,yesno,27,241,132,2013-12-01 23:00:18,2014-02-01 19:06:04,
132,Do you wash your clothes in cold water?,approved,yesno,12,1000,132,2013-12-01 23:01:31,2013-12-11 18:17:07,
133,I am sorry but some of these questions are repeated more than once so how is this accurate?,rejected,agreedisagree,0,2000000000,137,2013-12-02 01:46:32,2013-12-02 15:04:49,
134,Should I turn off my wireless router when not in use?,rejected,yesno,0,2000000000,175,2013-12-02 14:47:08,2013-12-02 15:14:37,
135,How many nights a week do you fall asleep with the TV on?,approved,number,13,216,180,2013-12-02 17:08:47,2014-01-18 16:43:02,
136,Do you mow your lawn with an electric lawnmower?,approved,yesno,37,1000,198,2013-12-03 18:55:46,2014-02-22 19:01:44,
137,Do you use fans in warm months?,approved,yesno,3,1000,198,2013-12-03 18:57:10,2013-12-09 19:20:58,
138,Does your attic have at least an R25 insulation blanket,approved,agreedisagree,87,1000,203,2013-12-03 19:13:53,2014-02-16 15:38:07,
139,"Do you live in a community where heat, water and hot water are provided?",approved,yesno,18,206,205,2013-12-03 21:08:06,2014-02-12 22:23:44,
140,Do you live in a community where there are regular common meals outside your home?,approved,yesno,14,61,205,2013-12-03 21:09:11,2014-02-14 15:54:38,
141,How many times a month do you eat away from your home?,approved,number,13,1000,205,2013-12-03 21:09:50,2014-01-20 02:09:51,
142,Do you use washer and dryers outside of your home?,approved,yesno,2,146,205,2013-12-03 21:11:50,2013-12-08 21:13:26,
143,Do you close the doors to unused/occupied rooms in your house during the heating season?,approved,yesno,20,115,206,2013-12-03 21:38:35,2014-01-28 15:55:59,
144,Do you leave a light on during the day to deter burglars?,approved,yesno,7,165,216,2013-12-03 23:52:15,2013-12-29 21:50:37,
145,Would you install a smart thermostat if the city or state paid for part of it?,approved,yesno,36,1000,216,2013-12-03 23:53:40,2014-02-22 18:55:55,
146,Do you have a second refrigerator in your home? ,approved,yesno,1,37,219,2013-12-04 00:11:08,2013-12-07 23:57:55,
147,Do you have a "walk up" attic?,approved,yesno,8,257,223,2013-12-04 01:21:41,2014-02-14 21:30:39,
148,Do you stop using any exterior entrances in the winter and weatherstrip them?,approved,yesno,20,1000,223,2013-12-04 01:24:35,2014-02-14 21:36:51,
149,Do you plan to replace burned out light bulbs with LED bulbs whenever possible?,approved,yesno,9,105,223,2013-12-04 01:26:48,2014-01-11 21:19:00,
150,Do you have a fireplace?,approved,yesno,1,288,223,2013-12-04 01:27:34,2013-12-14 21:27:45,
151,"If your thermostat is set back each night, to what temperature is it set?",approved,number,37,267,223,2013-12-04 01:29:26,2014-01-14 14:56:17,
152,Do you pull down all shades on cold nights?,approved,yesno,6,1000,223,2013-12-04 01:34:34,2014-01-20 03:32:20,
153,Do you compost your food scraps?,approved,yesno,3,213,223,2013-12-04 01:38:12,2013-12-08 19:10:51,
154,Do you clean your clothers dryer filter after each cycle?,approved,yesno,26,269,223,2013-12-04 01:41:43,2014-02-14 15:54:12,
155,"If you have a hot air heating system, do you change your air filter at least monthly?",approved,yesno,135,71,223,2013-12-04 01:43:34,2014-03-29 15:43:04,
156,"I am a bit confused about light bulbs and termimology--are CfL's and LED's the same?  If not, what is the diff. and are they equally efficient?",rejected,yesno,0,2000000000,241,2013-12-04 17:24:25,2013-12-04 18:27:02,
157,Do you wear warm sweaters inside in winter?,approved,yesno,3,232,255,2013-12-05 03:56:17,2013-12-08 23:39:18,
158,Do you keep track of your energy usage?,approved,yesno,4,1000,255,2013-12-05 03:56:44,2013-12-31 01:53:22,
159,Do you wear clothing more than once before washing?,approved,yesno,10,1000,255,2013-12-05 03:57:52,2013-12-26 23:48:45,
160,Do you put plastic shrink film on windows that are drafty?,approved,yesno,28,1000,255,2013-12-05 03:58:57,2014-01-28 16:32:55,
161,Do you moniter energy use of children in your home?,approved,yesno,115,1000,255,2013-12-05 03:59:24,2014-03-07 12:53:43,
162,Do you drink hot beverages often in winter?,approved,yesno,3,1000,255,2013-12-05 04:08:24,2014-01-20 02:46:45,
163,Are you menopausal?,rejected,yesno,0,2000000000,255,2013-12-05 04:08:50,2013-12-05 11:40:31,
164,Can I buy a meter for each outlet to learn specific electrical usage for everything I have plugged in,rejected,yesno,0,2000000000,272,2013-12-05 23:52:01,2013-12-06 02:47:33,
165,Will it save energy by unplugging my charges when done? ,rejected,yesno,0,2000000000,273,2013-12-06 01:54:02,2013-12-06 02:47:37,
166,"Do you leave your device chargers (phone, battery, rechargeable devices) plugged in when not in use?",approved,yesno,3,178,277,2013-12-06 04:13:55,2014-01-18 16:36:50,
167,Do you use solar powered exterior lighting?,approved,yesno,9,260,277,2013-12-06 04:16:07,2014-01-25 01:21:23,
168,I will put on warmer clothing before I turn up the heat.,approved,agreedisagree,1,123,277,2013-12-06 04:18:21,2013-12-07 21:30:06,
169,Do you use a low flow shower head?,approved,yesno,7,1000,277,2013-12-06 04:19:39,2013-12-27 15:48:51,
170,Do you use a shut-off valve when showering?,approved,yesno,16,180,277,2013-12-06 04:20:19,2014-01-14 14:36:39,
171,Do you have an electric water cooler/heater for drinking water,approved,yesno,7,1000,272,2013-12-06 23:56:13,2014-02-08 22:55:06,
172,Do you have a fish tank? ,approved,yesno,5,62,291,2013-12-07 15:04:39,2014-01-18 16:37:22,
173,What temperature do you keep your home on average all day. ,approved,number,5,295,291,2013-12-07 15:05:12,2014-01-18 16:45:38,
174,Do you indoor garden with lights,approved,yesno,3,1000,291,2013-12-07 15:05:42,2014-01-03 03:22:51,
175,Do you have a security system that is always on? ,approved,yesno,7,99,291,2013-12-07 15:06:04,2013-12-30 20:46:46,
176,How large is you fish tank in gallons? ,approved,number,165,142,291,2013-12-07 15:23:55,2014-02-14 21:31:21,
177,Do you have a timer on your fish tank? ,approved,yesno,160,1000,291,2013-12-07 15:24:19,2014-03-16 19:54:28,
178,Don you heat your fish tank? ,approved,yesno,118,49,291,2013-12-07 15:24:34,2014-03-16 19:57:08,
179,"Do you have pets that require electricity? (heater, electric dispenser, fish) ",approved,yesno,8,3,291,2013-12-07 15:25:09,2014-02-22 19:24:04,
180,Do you have a large entertainment system? ,approved,yesno,5,220,291,2013-12-07 15:25:29,2014-03-06 22:40:35,
181,How often do you listen to music from a speaker device in your home? (hours per day) ,approved,number,16,1000,291,2013-12-07 15:27:07,2014-01-20 01:33:02,
182,How often do you have guest in your house? (per month) ,approved,number,19,188,291,2013-12-07 15:27:43,2014-01-28 16:35:56,
183,I make sure to cover any Draft areas like windows and doors. ,approved,agreedisagree,11,1000,291,2013-12-07 15:28:16,2014-02-04 23:52:03,
184,Do you flip off the main circuit breaker when you leave the house for the day?,approved,yesno,2,150,272,2013-12-07 20:44:05,2014-01-20 02:30:07,
185,Do you use a heat pump to heat your home?,approved,yesno,16,1000,321,2013-12-07 22:11:13,2014-01-11 21:16:44,
186,do outlet insulations make a difference?,rejected,number,0,2000000000,330,2013-12-07 23:53:48,2013-12-08 02:43:27,
187,What is the average age of your household?,approved,number,8,1000,327,2013-12-08 00:18:22,2014-01-25 01:18:33,
188,Do you use the rinse/hold cycle on your dishwasher?,approved,yesno,43,1000,327,2013-12-08 00:20:15,2014-02-22 19:06:22,
189,Does everyone in your home wear slippers?,approved,yesno,5,270,335,2013-12-08 00:32:40,2013-12-15 22:12:53,
190,How many hours each day are you on your computer?,approved,number,7,1000,335,2013-12-08 00:33:56,2014-01-25 01:19:37,
191,Would you be interested in supporting a "free energy generator" research in order to stop paying corporations for energy? Even if energy corporations may violently oppose exposing free energy?,rejected,yesno,0,2000000000,340,2013-12-08 01:45:10,2013-12-08 02:44:15,
192,Do you live in a 5 Star energy rated house or condo?,approved,yesno,16,1000,347,2013-12-08 02:50:00,2014-03-02 20:20:32,
193,Do you have a basement?,approved,yesno,2,30,347,2013-12-08 02:50:24,2013-12-21 08:42:57,
194,Do you play an electronic musical instrument?,approved,yesno,3,1000,323,2013-12-08 14:40:35,2014-01-18 16:59:14,
195,How many days a month is your house not occupied?,approved,number,14,1000,362,2013-12-08 14:57:41,2014-01-18 16:58:27,
196,do you replace your screen door at winter time? yes/no,approved,yesno,24,290,337,2013-12-08 16:18:45,2014-02-01 19:00:38,
197,"Do you know where your electricity comes from? (i.e. biomass, coal, nuclear, etc.)",approved,yesno,7,197,386,2013-12-08 19:49:35,2014-01-25 01:20:59,
198,Do you unplug game consoles when not in use?,approved,yesno,94,76,386,2013-12-08 19:50:15,2014-03-24 18:40:43,
199,Do you know some of the incentives that Efficiency Vermont (EVT) has for Vermonters?,approved,yesno,5,177,386,2013-12-08 19:50:48,2013-12-28 20:19:10,
200,Do you use electric baseboard heaters or space heaters?,approved,yesno,2,50,392,2013-12-08 20:23:19,2014-01-06 16:37:41,
201,How many rooms do you heat with electric baseboard or space heaters?,approved,number,9,28,392,2013-12-08 20:23:43,2014-01-28 16:31:32,
202,Do you have pets?,approved,yesno,1,26,394,2013-12-08 20:48:55,2013-12-27 01:44:39,
203,Do you have a Christmas tree?,approved,yesno,6,173,95,2013-12-08 22:21:59,2014-01-18 16:46:36,
204,Do you have a printer?,approved,yesno,1,162,95,2013-12-08 22:23:03,2014-01-05 22:12:19,
205,How many hours a day do you use electric space heaters?,approved,number,17,53,398,2013-12-08 22:34:30,2014-02-22 19:07:11,
206,Do you leave your chargers plug in when not on use?,approved,yesno,2,74,273,2013-12-08 23:10:58,2013-12-16 17:10:59,
207,Do you spend more than 30 minutes exercising outside each day during winter?,approved,yesno,5,1000,111,2013-12-09 00:51:38,2014-03-29 15:47:16,
208,How many nights per month do you typically have guests?,approved,number,8,1000,420,2013-12-09 02:53:53,2014-01-18 16:52:00,
209,Do you have light switches in your home that do not function?,approved,yesno,1,1000,420,2013-12-09 02:55:19,2013-12-15 15:45:34,
210,Do you have any replacement laptop or other electrical chargers that routinely overheat?,approved,yesno,3,1000,420,2013-12-09 02:56:00,2014-01-11 20:31:04,
211,Do you leave your laptop in "sleep" mode when you aren't using it?,approved,yesno,10,1000,420,2013-12-09 02:56:34,2014-03-29 15:43:45,
212,Do your housemates share your habits for energy resource conservation?,approved,agreedisagree,35,78,420,2013-12-09 02:57:19,2014-03-16 19:56:21,
213,How many children under the age of 6 do you have in your household?,approved,number,4,1000,420,2013-12-09 02:57:52,2014-01-29 16:11:45,
214,How many children under the age of 1 do you have in your household?,approved,number,4,130,420,2013-12-09 02:58:17,2014-01-28 15:33:01,
215,Are you an owner/occupier landlord (do you own the apartment building or duplex you live in?),approved,yesno,19,147,420,2013-12-09 02:59:06,2014-02-14 20:14:50,
216,Do you subscribe to curbside trash pickup?,approved,yesno,12,1000,420,2013-12-09 02:59:40,2014-01-18 16:53:59,
217,What's the average mpg of your household's combined vehicles?,approved,number,30,1000,420,2013-12-09 03:00:08,2014-01-28 16:40:16,
218,Do you display christmas or holiday lights in your home or on your property?,approved,yesno,2,1000,420,2013-12-09 03:01:13,2014-01-23 16:40:43,
219,Do you have appliances that are consistently run with an extension cord?,approved,yesno,2,139,420,2013-12-09 03:01:56,2014-01-03 03:33:48,
220,Are there energy efficiency upgrades you'd like to do but have been putting off?,approved,agreedisagree,10,1000,420,2013-12-09 03:02:32,2014-03-16 19:57:22,
221,"If a low interest loan were available to help finance it, would you consider upgrading to an energy efficient refrigerator, washing machine, or dishwasher?",approved,yesno,29,1000,420,2013-12-09 03:03:49,2014-02-14 15:47:15,
222,Do you clean your bathroom exhaust fan at least once per year?,approved,yesno,19,1000,420,2013-12-09 03:04:31,2014-02-14 20:13:09,
223,Would you consider switching from an electric to natural gas range/oven?,approved,yesno,54,113,420,2013-12-09 03:05:47,2014-02-23 00:44:07,
224,Would you consider switching from an electric to natural gas clothes dryer?,approved,yesno,47,1000,420,2013-12-09 03:06:15,2014-02-14 20:11:24,
225,"How many computers, tablets, or smartphones are usually charged or plugged in in your household?",approved,number,4,7,420,2013-12-09 03:06:54,2014-01-25 01:22:23,
226,I tend to put off household repairs even if I know that I should get them done.,approved,agreedisagree,9,1000,420,2013-12-09 03:08:41,2014-03-21 16:28:47,
227,I sometimes have the tv on even if nobody is watching it.,approved,agreedisagree,4,55,420,2013-12-09 03:09:14,2014-01-16 16:34:32,
228,How many rooms in your home have a tv?,approved,number,2,168,420,2013-12-09 03:09:35,2014-01-18 16:47:28,
229,I have taken advantage of tax rebates or energy efficiency grants at least once in the past five years.,approved,agreedisagree,11,126,420,2013-12-09 03:10:32,2014-02-22 19:09:44,
230,"How many times a day do you check facebook, twitter or other social media outlet?",approved,number,15,1000,420,2013-12-09 03:11:26,2014-01-25 01:19:42,
231,Is your place of employment or study within walking or biking distance of your home?,approved,yesno,26,1000,420,2013-12-09 03:11:56,2014-02-22 19:22:53,
232,Have you ever tried Carshare Vermont?,approved,yesno,2,1000,420,2013-12-09 03:12:26,2013-12-31 04:02:22,
233,Do you own a hybrid vehicle?,approved,yesno,3,163,420,2013-12-09 03:12:41,2013-12-30 20:46:53,
234,How many times a year do you check the inflation on your car's tires (enter 0 for never).,approved,number,11,1000,420,2013-12-09 03:13:22,2014-03-29 15:46:08,
235,Does your workplace take part in any energy efficiency initiatives?,approved,yesno,44,172,420,2013-12-09 03:14:30,2014-02-22 19:23:57,
236,Does your occupation involve energy efficiency?,approved,yesno,12,141,420,2013-12-09 03:15:01,2014-02-12 22:29:31,
237,Is your home more than 50 years old?,approved,yesno,6,68,420,2013-12-09 03:15:45,2014-02-14 21:24:30,
238,Is your home more than 100 years old?,approved,yesno,4,268,420,2013-12-09 03:16:00,2014-02-14 15:56:35,
239,How many times per day is your refrigerator opened by someone in your household?,approved,number,3,48,420,2013-12-09 03:17:55,2014-01-11 20:26:26,
240,"On average, how many meals do you prepare or consume each day that require heating up (hot cereal, microwaved meals, cooked dinner, etc.)",approved,number,0,1000,420,2013-12-09 03:20:55,2013-12-09 03:26:53,
241,Do you open your freezer at least once per day?,approved,yesno,0,1000,420,2013-12-09 03:21:20,2013-12-09 03:24:03,
242,Do the magnetic gaskets on your refrigerator keep your door fully sealed?,approved,yesno,9,57,420,2013-12-09 03:22:04,2013-12-21 19:05:15,
243,Is your kitchen freezer below your refrigerator compartment (as opposed to above it)?,approved,yesno,3,93,420,2013-12-09 03:22:46,2014-01-25 01:19:32,
244,Do you bring water to a full boil prior to cooking pasta?,approved,yesno,5,166,420,2013-12-09 03:23:18,2014-02-04 23:48:38,
245,Do you follow family members around and shut off lights behind them?,approved,yesno,15,291,420,2013-12-09 03:23:48,2014-02-04 22:50:29,
246,Do you use an electric hot water pot?,approved,yesno,1,1000,420,2013-12-09 03:24:18,2014-01-11 20:56:09,
247,Do you regularly use a rice cooker?,approved,yesno,1,63,420,2013-12-09 03:24:47,2013-12-16 01:39:29,
248,Do you regularly use a crock pot?,approved,yesno,0,135,420,2013-12-09 03:25:06,2013-12-09 14:18:04,
249,Are you in the midst of a construction project that uses more energy than normal?,approved,yesno,1,283,420,2013-12-09 03:25:31,2013-12-10 14:58:31,
250,Are you a customer of Burlington Telecom?,approved,yesno,1,1000,420,2013-12-09 03:26:02,2013-12-15 14:06:49,
251,How far in miles (one direction) is your commute to work or school?,approved,number,30,293,420,2013-12-09 03:26:38,2014-03-29 15:43:56,
252,Do you ever carpool?,approved,yesno,12,36,420,2013-12-09 03:27:11,2014-01-28 15:49:17,
253,Do you have an electric sauna in your home?,approved,yesno,2,1000,420,2013-12-09 03:27:27,2013-12-19 16:49:11,
255,Do you have radiant floor heating in your home?,approved,yesno,3,203,420,2013-12-09 03:27:43,2014-01-08 00:16:11,
256,Is there a heat lamp in your bathroom?,approved,yesno,2,149,420,2013-12-09 03:28:03,2013-12-31 01:51:20,
257,Do you have a tendency to overload powerstrips with more plugs than they should have?,approved,yesno,3,1000,420,2013-12-09 03:28:35,2014-01-18 16:50:37,
258,How many times do you use a towel before throwing it into the laundry?,approved,number,2,1000,420,2013-12-09 03:30:03,2013-12-19 16:49:14,
259,"If you have children of diaper wearing age, do you use reusable diapers?",approved,yesno,97,224,420,2013-12-09 03:30:34,2014-02-22 19:33:11,
260,"If you compost, do you drive your compost to a drop off center or compost facility (vs. composting at home)?",approved,yesno,45,1000,420,2013-12-09 03:31:33,2014-03-23 22:33:58,
261,Have you ever used a "kill-a-watt" or similar energy meter to see how much energy a partidcular appliance uses?,approved,yesno,2,1000,420,2013-12-09 03:32:25,2014-01-18 16:54:42,
262,Do you have a laptop or other electronics battery that is constantly hot?,approved,yesno,7,1000,420,2013-12-09 03:33:34,2013-12-16 16:51:35,
263,I only tend to watch television or movies after dark.,approved,agreedisagree,8,1000,420,2013-12-09 03:34:14,2014-01-16 15:36:07,
264,Were you born in Vermont?,approved,yesno,0,1000,420,2013-12-09 03:36:12,2013-12-09 15:03:38,
265,My living space is generally dark during daylight hours unless I have lights on.,approved,yesno,6,106,420,2013-12-09 03:37:37,2014-01-11 20:20:41,
266,I am affected by seasonal affective disorder (I feel lousy or sad in the colder months due to a lack of sunlight).,approved,agreedisagree,7,1000,420,2013-12-09 03:38:35,2014-01-18 16:22:33,
267,"I generally take a trip to a warmer climate during the winter months, at least once per year.",approved,agreedisagree,4,210,420,2013-12-09 03:39:42,2014-02-22 19:17:30,
268,My house has an attached garage.,approved,yesno,3,1000,420,2013-12-09 03:40:12,2014-01-08 02:36:19,
269,I have pet chickens.,approved,yesno,1,169,420,2013-12-09 03:40:43,2014-01-03 03:33:04,
270,I am concerned about global warming,approved,agreedisagree,7,137,420,2013-12-09 03:41:35,2014-03-21 16:30:14,
271,Is heating with wood a sunstainable solution in Vermont?,approved,yesno,22,1000,420,2013-12-09 03:42:23,2014-02-14 20:09:55,
272,Do you have any motion sensor lights on your house?,approved,yesno,4,263,420,2013-12-09 03:43:38,2013-12-24 16:45:40,
273,Do you recieve more than one electric bill each month?,approved,yesno,0,1000,420,2013-12-09 03:44:03,2013-12-09 14:18:02,
274,Do you use rechargable batteries?,approved,yesno,6,1000,420,2013-12-09 03:45:00,2014-01-20 00:58:21,
275,Is your refrigerator more than 5 years old?,approved,yesno,10,1000,420,2013-12-09 03:46:23,2014-02-14 21:32:59,
276,Do you have a stand alone freezer that is more than 10 years old?,approved,yesno,3,246,420,2013-12-09 03:46:48,2013-12-24 16:26:43,
277,Do you own a bathtub with jets or 'whirlpool' action?,approved,yesno,0,127,420,2013-12-09 03:48:02,2013-12-09 14:17:59,
278,Have you hired an electrician in the past 5 years?,approved,yesno,3,1000,420,2013-12-09 03:48:43,2013-12-11 02:21:30,
279,Are there any residents over 70 years old in your household?,approved,yesno,0,1000,420,2013-12-09 03:49:18,2013-12-09 14:16:10,
280,Do you ever open your refrigerator whithout knowing what your looking for?,approved,yesno,2,118,420,2013-12-09 03:49:55,2014-01-18 16:37:50,
281,How many halogen light bulbs do you have in your home?,approved,number,23,1000,420,2013-12-09 03:50:29,2014-02-14 20:13:06,
282,Are any of your energy bills automatically deducted from a bank account?,approved,yesno,0,225,420,2013-12-09 03:51:42,2013-12-09 14:16:05,
283,I'd rather invest in energy efficient appliances than save for retirement.,approved,agreedisagree,14,1000,420,2013-12-09 03:52:36,2014-03-09 14:54:46,
284,I'd rather have an energy efficient boiler or furnace than travel in Europe for a month.,approved,agreedisagree,18,1000,420,2013-12-09 03:53:28,2014-03-28 12:21:39,
285,How many times a month do you take public transportation?,approved,number,5,262,420,2013-12-09 03:54:06,2014-01-20 01:25:58,
286,Do you rent or stream movies over the internet?,approved,yesno,3,1000,420,2013-12-09 03:54:42,2014-01-03 03:33:44,
287,I am confident that the magnetic gaskets on my freezer are fully sealed.,approved,agreedisagree,15,1000,420,2013-12-09 03:56:05,2014-02-14 18:39:10,
288,"I'd be thrilled with an LED lightbulb in my stocking or for Hannukah, Kwanza, etc.",approved,agreedisagree,14,1000,420,2013-12-09 03:57:21,2014-02-14 21:37:32,
289,Leaving porchlights on at night makes my community safer.,approved,agreedisagree,6,259,420,2013-12-09 03:57:59,2014-02-16 15:31:35,
290,We should leave porchlights on as a courtesy to our neighbors.,approved,agreedisagree,5,294,420,2013-12-09 03:58:31,2014-01-18 16:52:10,
291,I generally leave my porch light on at night.,approved,agreedisagree,11,70,420,2013-12-09 03:59:12,2014-02-12 20:56:03,
292,I have a remote car starter and I love it. ,approved,agreedisagree,43,284,420,2013-12-09 03:59:55,2014-02-22 19:28:51,
293,I would be more likely to ride my bicycle to work if there were more designated bike lanes.,approved,agreedisagree,30,1000,420,2013-12-09 04:00:45,2014-02-22 19:09:48,
294,How many years old is your current vehicle? (newest vehicle if you own multiple),approved,number,11,1000,420,2013-12-09 04:02:01,2013-12-31 04:07:13,
295,"When I walk through my house in the dark, I see multiple red lights from various chargers.",approved,agreedisagree,7,56,420,2013-12-09 04:03:31,2014-01-25 01:21:17,
296,How many times per day on average do you use a microwave?,approved,number,3,45,420,2013-12-09 04:04:30,2014-01-21 16:48:31,
297,How many hours per week is someone in your household playing video games?,approved,number,2,297,420,2013-12-09 04:06:49,2014-01-03 03:31:43,
298,Does your home have a mud room?,approved,yesno,2,114,420,2013-12-09 04:07:19,2014-01-02 03:07:14,
299,The walls of my home are sufficiently insulated.,approved,agreedisagree,9,1000,420,2013-12-09 04:08:00,2014-01-25 01:20:38,
300,How many bathrooms do you have?,approved,number,0,84,420,2013-12-09 04:08:39,2013-12-09 14:19:13,
301,How many bedrooms do you have in your home?,approved,number,1,65,420,2013-12-09 04:09:06,2013-12-10 15:12:29,
302,I have a moisture senser in my clothes drier and use that setting to save energy.,approved,agreedisagree,31,140,420,2013-12-09 04:10:19,2014-02-14 18:41:11,
303,Sometimes the clothes I put in the dryer are extremely wet and heavy.,approved,agreedisagree,11,183,420,2013-12-09 04:11:01,2014-02-14 16:26:59,
304,I wash my sheets more more than twice a month.,approved,agreedisagree,3,1000,420,2013-12-09 04:11:52,2014-01-20 02:25:02,
305,I talk about ways to save energy with members of my household from time to time.,approved,agreedisagree,15,100,420,2013-12-09 04:13:12,2014-02-04 23:30:31,
306,I use extra blankets on my bed in the winter,approved,yesno,1,41,420,2013-12-09 04:14:02,2014-01-05 17:07:00,
307,Do you have a pet door that allows your cat/dog access through a wall of your home?,approved,yesno,16,179,420,2013-12-09 04:14:46,2014-02-22 19:00:07,
308,"If it gets too hot in one room of my house, I'll occasionally crack a window - even in winter. ",approved,agreedisagree,3,1000,420,2013-12-09 04:15:34,2014-01-18 16:50:46,
309,I always wait to run the dishwasher at night.,approved,agreedisagree,34,1000,420,2013-12-09 04:16:03,2014-02-22 19:19:16,
310,I look for the energy star rating when I purchase new appliances.,approved,agreedisagree,7,219,420,2013-12-09 04:20:10,2014-01-11 21:06:02,
311,Do you have roommates who help pay utilities bills?,approved,yesno,17,1000,420,2013-12-09 11:46:57,2014-01-20 03:55:32,
312,I own my home outright (no mortgage),approved,yesno,8,1000,420,2013-12-09 11:49:15,2014-02-14 21:33:39,
313,I own a second home/vacation home,approved,yesno,5,273,420,2013-12-09 11:49:38,2014-01-03 03:29:05,
314,Are you retired?,approved,yesno,1,1000,420,2013-12-09 11:50:24,2014-01-03 03:28:35,
315,I am currently fully employed.,approved,agreedisagree,9,274,420,2013-12-09 11:51:05,2013-12-29 01:11:13,
316,I'm usually late in paying my utility bills.,approved,agreedisagree,2,14,420,2013-12-09 11:54:55,2013-12-23 14:08:01,
317,Do you have string lights (christmas lights) up in your home as a permanent fixture? (as opposed to just seasonally),approved,yesno,3,214,420,2013-12-09 11:57:48,2014-01-18 16:22:51,
318,I consider myself energy efficiency savvy.,approved,agreedisagree,6,21,420,2013-12-09 11:58:45,2014-01-20 23:18:26,
319,Exterior lights are an annoying source of light pollution.,approved,agreedisagree,7,51,420,2013-12-09 12:01:36,2014-01-03 03:27:17,
320,The walls in my home are painted in light colors.,approved,agreedisagree,1,1000,420,2013-12-09 12:02:42,2013-12-31 13:23:14,
321,How many skylights are in your home?,approved,number,7,59,420,2013-12-09 12:03:22,2014-01-20 02:23:07,
322,I have no idea how my home heating system works.,approved,agreedisagree,4,258,420,2013-12-09 12:12:34,2014-01-18 16:33:47,
323,"On average, how many times per week does someone in your household iron clothing?",approved,number,3,1000,420,2013-12-09 12:14:16,2014-02-22 19:13:52,
324,Do you identify as male?,approved,yesno,5,1000,420,2013-12-09 12:14:33,2014-01-03 03:23:10,
325,Do you identify as female?,approved,yesno,8,207,420,2013-12-09 12:14:47,2014-01-29 15:33:38,
326,Have you ever attended a formal class or workshop on environmental sustainability?,approved,yesno,4,1000,420,2013-12-09 12:16:21,2013-12-27 00:00:14,
327,Have you ever attended a formal class or workshop on home heating or energy efficiency?,approved,yesno,4,124,420,2013-12-09 12:16:45,2014-01-25 01:20:56,
328,Did you purchase any of your current appliances already used?,approved,yesno,11,202,420,2013-12-09 12:19:39,2014-01-28 15:49:14,
329,My refrigerator seems like it's always working to cool (constantly in run mode),approved,agreedisagree,5,193,420,2013-12-09 12:20:38,2014-01-18 16:42:29,
330,How many times per week do you make purchases online?,approved,number,17,64,420,2013-12-09 12:21:40,2014-02-09 22:54:33,
331,Do you garden?,approved,yesno,2,194,420,2013-12-09 12:22:41,2013-12-10 23:10:43,
332,"When presented with options for food sources, I usually buy local.",approved,agreedisagree,6,1000,420,2013-12-09 12:23:09,2014-01-09 16:06:20,
333,"When shopping for hardware or appliances, I tend to make purchases at one of the box stores or online instead of at a locally owned store.",approved,agreedisagree,11,1000,420,2013-12-09 12:25:11,2014-01-12 21:40:37,
334,I sometimes feel guilty about my personal energy consumption.,approved,agreedisagree,3,1000,420,2013-12-09 12:26:01,2014-01-10 19:12:23,
335,I know most of my neighbors on a first name basis.,approved,agreedisagree,7,1000,420,2013-12-09 12:27:07,2014-01-25 01:11:36,
336,How many times per week are leftovers included as a significant part of your meal?,approved,number,3,1000,420,2013-12-09 12:28:43,2014-01-20 02:31:11,
337,I try to keep my home warm even when I'm not around so that my houseplants don't suffer.,approved,agreedisagree,8,282,420,2013-12-09 12:30:49,2014-01-18 16:52:48,
338,I try to keep my home warm even when I'm not around so that my pets don't get uncomfortable.,approved,agreedisagree,36,1000,420,2013-12-09 12:31:17,2014-01-20 02:20:49,
339,I often fall asleep with the TV on.,approved,agreedisagree,1,292,420,2013-12-09 12:31:59,2014-01-16 16:34:44,
340,Members of my household are usually spending their time in different rooms of the house.,approved,agreedisagree,21,98,420,2013-12-09 12:33:44,2014-02-04 23:26:08,
341,I look forward to recieving my electricity bill each month.,approved,agreedisagree,5,96,420,2013-12-09 12:35:16,2014-01-20 02:28:33,
342,I would install solar panels on my home if I could afford them.,approved,yesno,20,192,420,2013-12-09 12:36:02,2014-02-14 21:34:57,
343,I have drafty windows that I'd replace if I could afford it,approved,yesno,14,1000,420,2013-12-09 12:37:01,2014-02-14 21:33:22,
344,"Do you routinely wake up in the middle of the night to read, watch tv, or do something other than sleep?",approved,yesno,2,1000,420,2013-12-09 13:17:09,2014-01-18 16:50:35,
345,Does anyone in your household work the night shift?,approved,yesno,5,200,420,2013-12-09 13:17:21,2014-02-22 19:09:12,
346,Is anyone in your household a stay-at-home caregiver?,approved,yesno,3,1000,420,2013-12-09 13:34:53,2013-12-27 01:45:52,
347,Do you care for an elderly parent in your home?,approved,yesno,3,1000,420,2013-12-09 13:35:19,2013-12-30 21:10:54,
348,Do you have a home tanning bed?,approved,yesno,2,1000,420,2013-12-09 14:42:51,2014-01-25 01:21:06,
349,Do you leave charger cords plugged in when not in use?,approved,yesno,1,101,435,2013-12-09 14:45:53,2014-01-11 21:13:59,
350,During how many months of the year do you use a bike?,approved,number,7,181,446,2013-12-09 17:01:54,2014-01-10 19:17:39,
351,"Do you use heat tape or another form of electrical heat to prevent frozen pipes, gutters, icicle formation, etc.?",approved,yesno,6,1000,420,2013-12-09 17:04:03,2014-01-24 01:24:27,
352,Do you use a space heater?,rejected,yesno,0,2000000000,451,2013-12-09 17:05:26,2013-12-09 18:36:02,
353,"If a low interest loan were available to help finance it, would you add insulation or replace windows in your home?",approved,yesno,33,1000,420,2013-12-09 17:05:54,2014-02-14 21:27:52,
354,Do you leave chargers plugged in all day?,rejected,yesno,0,2000000000,451,2013-12-09 17:05:58,2013-12-09 18:35:04,
355,Do you turn down the thermostat when you leave the house?,approved,yesno,3,1000,451,2013-12-09 17:07:40,2014-01-02 01:18:26,
356,Do you use an air filter?,rejected,yesno,0,2000000000,451,2013-12-09 17:08:18,2013-12-09 18:36:07,
357,How many pets do you own?,approved,number,9,1000,451,2013-12-09 17:08:34,2014-02-22 19:21:08,
358,What floor of your home do you live on (if multi-family home or apartment)?,rejected,number,0,2000000000,451,2013-12-09 17:17:33,2013-12-09 18:37:00,
359,"How many electronics are you charging at night (cell phones, tablets, e-readers, etc.)?",approved,number,3,12,451,2013-12-09 17:18:45,2013-12-15 13:03:34,
360,Would you install solar panels if the state paid for all or part of it?,approved,yesno,12,1000,451,2013-12-09 17:30:29,2014-01-10 19:37:20,
361,Do you have constant internet access in your home?,approved,yesno,0,198,451,2013-12-09 17:45:20,2013-12-09 18:34:55,
362,How many gaming consoles do you own?,approved,number,12,154,451,2013-12-09 17:45:39,2014-02-22 18:56:07,
363,"Of my appliance plugged in, I use each one at least once a day.",approved,agreedisagree,12,264,451,2013-12-09 17:46:07,2014-03-09 14:56:39,
364,Do you not heat certain parts of your home that aren't used in the winter?,approved,yesno,18,145,451,2013-12-09 18:21:01,2014-01-28 15:47:47,
365,Were you raised in an area with a year-round warm climate?,approved,yesno,1,1000,420,2013-12-09 19:46:09,2013-12-27 00:41:28,
366,Do you ever set your thermostat over 65 degrees farenheit?,approved,yesno,0,1000,420,2013-12-09 19:47:15,2013-12-09 21:20:52,
367,Do you set you keep your house 70 degrees or warmer?,rejected,yesno,0,2000000000,420,2013-12-09 19:47:58,2013-12-09 21:41:45,
368,Do you run a business out of your home?,rejected,yesno,0,2000000000,420,2013-12-09 19:50:57,2013-12-09 21:41:34,
369,"Do you ever use your oven for something other than baking/cooking food (crafts, warming, drying)?",approved,yesno,1,1000,420,2013-12-09 20:02:44,2014-01-25 01:19:58,
370,Do you ever use an electric food dehydrator?,approved,yesno,1,182,420,2013-12-09 20:03:15,2014-01-05 17:19:17,
371,How many days a week does someone in your household take a hot bath?,approved,number,7,251,420,2013-12-09 20:07:22,2014-02-22 18:57:56,
372,How many showers a week do you take?,approved,number,2,1000,420,2013-12-09 20:07:51,2014-01-18 16:20:50,
373,Do you have a grow room with high powered lights in your home?,approved,yesno,5,1000,420,2013-12-09 20:09:43,2014-02-22 19:01:47,
374,Do any of your faucets have a leaky drip?,approved,yesno,0,201,420,2013-12-09 20:28:00,2013-12-09 21:20:46,
375,Do any of your toilets constantly fill?,approved,yesno,4,223,420,2013-12-09 20:28:46,2014-01-18 16:37:54,
376,Do you own low-flush toilets?,approved,yesno,9,298,420,2013-12-09 20:29:15,2014-01-20 00:59:39,
377,Do you have wall to wall carpeting in your home?,approved,yesno,0,1000,457,2013-12-09 20:30:34,2013-12-09 21:41:15,
378,Do you have baby monitors plugged in most of the time?,approved,yesno,23,208,420,2013-12-09 20:30:48,2014-02-14 18:43:44,
379,"Do you have outbuildings that have electrical connection (lights, etc.)",approved,yesno,9,227,420,2013-12-09 20:31:42,2014-01-08 01:57:55,
380,does your condo association permit solar panels?,approved,yesno,86,243,457,2013-12-09 20:31:50,2014-03-09 14:57:22,
381,Have you investigated using geothermal heat for your home?,approved,yesno,7,1000,457,2013-12-09 20:33:15,2014-01-23 17:59:38,
382,Do you think that energy conservation has a place in the USA in the face of the rise of the economy of China?,approved,agreedisagree,17,85,457,2013-12-09 20:34:52,2014-03-02 02:54:38,
383,Do you take off your shoes when you enter your home and thereby decrease dirt in your home?,approved,yesno,1,234,457,2013-12-09 20:36:09,2013-12-10 13:23:50,
384,Are skylights that can open and close and have shades a good solution to cooling in the summer?,rejected,agreedisagree,0,2000000000,457,2013-12-09 20:38:12,2013-12-09 21:20:44,
385,Do you sometimes use a broom and dustpan rather than a vacuum cleaner in your home?,approved,yesno,0,275,457,2013-12-09 20:39:37,2013-12-09 21:41:51,
386,Do you use an electric blanket only to pre-heat your bed?,approved,yesno,19,1000,457,2013-12-09 20:41:03,2014-02-05 15:28:33,
387,"If you take a tub bath, do you keep the hot water in the tub until it gets cold in winter?",approved,yesno,73,1000,457,2013-12-09 20:42:32,2014-03-29 15:47:06,
388,"Do you wash your pajamas and pillow cases, rather than sheets, every week?",approved,yesno,10,1000,457,2013-12-09 20:44:25,2014-01-18 16:34:03,
389,How often do you use Scentsy or other electrical candles?,approved,number,20,280,462,2013-12-10 02:49:04,2014-02-22 19:32:28,
390,Do you leave your Keurig running?,approved,yesno,46,111,462,2013-12-10 02:50:29,2014-01-29 20:32:13,
391,Do you turn night lights off during the day?,approved,yesno,26,1000,462,2013-12-10 03:50:54,2014-03-05 03:03:08,
392,Are you from New England?,approved,yesno,0,1000,483,2013-12-10 03:51:47,2013-12-10 10:30:30,
393,I generally turn my heat on before October.,approved,agreedisagree,2,143,483,2013-12-10 03:52:32,2013-12-26 23:42:39,
394,Geothermal energy implementation should be more prominent in our society. ,rejected,agreedisagree,0,2000000000,491,2013-12-10 15:28:35,2013-12-10 15:46:06,
395,What temperature do you have your thermostat set at?,rejected,number,0,2000000000,259,2013-12-10 16:44:31,2013-12-10 17:09:30,
396,Do you have a separate alarm clock that you use (other than a cell phone alarm)?,approved,yesno,0,1000,451,2013-12-10 16:58:39,2013-12-10 17:08:39,
397,How many rooms do you have that are not bedrooms or bathrooms? (don't include closets),approved,number,1,157,420,2013-12-10 19:39:39,2013-12-19 14:06:29,
398,Do you have a DVR that is kept plugged in when not in use?,approved,yesno,4,1000,420,2013-12-10 21:31:48,2014-01-18 00:47:57,
399,Do you have stand alone computer speakers that are routinely left on?,approved,yesno,6,110,420,2013-12-10 21:33:01,2014-03-09 14:51:46,
400,Do you have a cable box near your tv that is always plugged in?,approved,yesno,4,1000,420,2013-12-10 21:36:26,2014-01-16 16:10:42,
401,Do appliances run more efficiently with electronic components in them?,approved,yesno,37,58,531,2013-12-11 19:29:31,2014-02-16 15:36:16,
402,Do you use a hepa filter for allergies?,approved,yesno,6,244,529,2013-12-11 19:49:30,2014-01-28 15:55:45,
403,How many times a week do you visit YouTube?,approved,number,8,1000,420,2013-12-12 08:53:27,2014-01-21 16:51:04,
404,Are you a subscriber to Netflix?,approved,yesno,1,250,420,2013-12-12 08:54:05,2013-12-27 00:18:53,
405,How many times per week do you read Front Porch Forum posts?,approved,number,6,1000,420,2013-12-12 08:55:44,2014-01-20 02:36:10,
406,Have you ever sold anything on Ebay?,approved,yesno,5,1000,420,2013-12-12 08:56:16,2014-01-23 18:09:03,
407,Have you ever sold anything on Craigslist?,approved,yesno,2,1000,420,2013-12-12 08:57:05,2014-01-18 16:53:19,
408,Have you purchased anything on Craigslist in the past two months?,approved,yesno,2,1000,420,2013-12-12 08:57:56,2014-01-05 14:18:43,
409,Do you maintain a web site or a blog?,approved,yesno,2,1000,420,2013-12-12 08:59:11,2013-12-27 00:08:49,
410,Do you work for a company that offers web services?,approved,yesno,17,125,420,2013-12-12 08:59:47,2014-02-22 19:17:27,
411,Do you regularly spend time on Reddit?,approved,yesno,9,15,420,2013-12-12 09:01:41,2014-03-29 15:52:14,
412,Are you a current student or faculty member of the University of Vermont?,approved,yesno,4,1000,420,2013-12-12 09:02:24,2013-12-31 01:53:28,
413,Are you currently enrolled in school of any kind?,approved,yesno,3,1000,420,2013-12-12 09:03:07,2014-03-21 16:30:05,
414,Do you regularly participate in an online discussion forum of any kind?,approved,yesno,5,1000,420,2013-12-12 09:03:33,2014-01-05 22:12:15,
415,Are you a member of Amazon prime?,approved,yesno,5,1000,420,2013-12-12 09:03:52,2014-03-29 15:52:06,
416,How many days per week do you visit websites that might not be suitable for viewing at work?,approved,number,22,1000,420,2013-12-12 09:04:59,2014-01-28 16:44:00,
417,How many days per week do you check weather online?,approved,number,1,286,420,2013-12-12 09:05:45,2014-01-18 16:43:50,
418,How many days per week do you typically watch a movie?,approved,number,8,1000,420,2013-12-12 09:06:55,2014-02-22 19:15:43,
419,Have you been to a library in the past 12 months?,approved,yesno,5,1000,420,2013-12-12 09:07:22,2014-03-29 15:51:33,
420,I get most of my news from an online source,approved,agreedisagree,1,187,420,2013-12-12 09:07:58,2013-12-27 00:09:38,
421,I read the Burlington Free Press at least 5 times a week,approved,agreedisagree,6,159,420,2013-12-12 09:09:11,2014-01-11 21:27:11,
422,I read Seven Days at least twice a month,approved,yesno,6,271,420,2013-12-12 09:09:53,2014-03-29 15:44:20,
423,I contribute money to a local public radio station,approved,yesno,4,1000,420,2013-12-12 09:10:45,2014-01-25 01:18:19,
424,I have WOKO as a preset radio station in my vehicle,approved,yesno,7,277,420,2013-12-12 09:11:22,2014-02-16 15:39:26,
425,I listen to 95 Triple X at least twice per week,approved,yesno,7,1000,420,2013-12-12 09:11:51,2014-03-21 16:30:18,
426,WRUV 90.1 is my preffered radio station,approved,agreedisagree,19,1000,420,2013-12-12 09:12:58,2014-02-05 15:06:49,
427,I listen to VPR pretty much all the time when I'm in my car,approved,yesno,8,158,420,2013-12-12 09:13:39,2014-03-06 22:36:54,
428,WDEV (96.1) is the most diverse and important locally owned radio station that I know of,approved,agreedisagree,34,164,420,2013-12-12 09:14:43,2014-02-22 19:04:00,
429,How many days per week do you watch TV news?,approved,number,3,1000,420,2013-12-12 09:15:20,2014-01-18 16:49:00,
430,Do you volunteer on a regular basis?,approved,yesno,6,1000,420,2013-12-12 09:16:00,2014-03-21 16:28:12,
431,How many hours per month do you volunteer?,approved,number,13,1000,420,2013-12-12 09:16:19,2014-02-22 19:02:51,
432,Have you shoveled a neighbor's driveway/walk or mowed their lawn in the past year?,approved,yesno,3,1000,420,2013-12-12 09:16:50,2013-12-31 03:53:04,
433,"If the presidential election were tomorrow, would you cast a vote for Bernie Sanders?",approved,yesno,14,1000,420,2013-12-12 09:17:19,2014-01-23 18:09:13,
434,Do you currently or have you ever held any elected office?,approved,yesno,3,1000,420,2013-12-12 09:17:47,2013-12-31 13:26:51,
435,Do you vote whenever possible?,approved,yesno,3,1000,420,2013-12-12 09:18:12,2014-01-20 02:49:50,
436,"Have you attended a local government meeting of any kind (NPA, city council, etc.) in the past year?",approved,yesno,2,1000,420,2013-12-12 09:19:29,2014-01-18 16:48:06,
437,Do you travel for work?,approved,yesno,10,131,420,2013-12-12 09:19:50,2014-01-29 20:15:37,
438,Approximately how many days have you spent outside of Vermont this year?,approved,number,8,1000,420,2013-12-12 09:20:23,2014-03-07 12:49:39,
439,Have you ever traveled outside of the United States and Canada?,approved,yesno,3,1000,420,2013-12-12 09:20:58,2014-03-21 16:29:42,
440,Have you ever lived outside of the United States?,approved,yesno,2,107,420,2013-12-12 09:21:36,2014-01-02 01:18:18,
441,How many countries have you visited?,approved,number,8,1000,420,2013-12-12 09:22:02,2014-01-23 18:04:26,
442,How many continents have you visited?,approved,number,7,256,420,2013-12-12 09:23:51,2014-01-28 16:36:56,
443,Do you depend on an airplane for transportation at least once per year?,approved,yesno,2,1000,420,2013-12-12 09:24:45,2013-12-27 00:40:59,
444,"If passenger rail (train transportation) were widely available in Vermont, would you use it?",approved,yesno,7,175,420,2013-12-12 09:25:26,2014-01-03 03:31:25,
445,Public transportation limitations are a major problem in Vermont,approved,agreedisagree,1,1000,420,2013-12-12 09:26:20,2013-12-26 23:39:24,
446,There are more vehicles in my driveway than there are drivers in my household.,approved,yesno,4,1000,420,2013-12-12 09:27:01,2014-01-24 01:36:59,
447,How many times in the past month have you walked on Church St. in Burlington?,approved,number,3,1000,420,2013-12-12 09:28:20,2013-12-27 00:00:44,
448,I visit Burlington's Intervale at least twice per year.,approved,yesno,6,1000,420,2013-12-12 09:29:26,2014-01-25 01:22:04,
449,I do a considerable amount of food purchasing through a farmers market or a CSA (community supported agriculture),approved,agreedisagree,8,1000,420,2013-12-12 09:30:16,2014-01-10 19:27:35,
450,Are you a member of City Market?,approved,yesno,1,261,420,2013-12-12 09:30:53,2013-12-27 00:14:51,
451,"When possible, do you purchase organic food?",approved,yesno,4,176,420,2013-12-12 09:31:25,2013-12-27 00:17:44,
452,Organic food is not worth the high price,approved,agreedisagree,3,1000,420,2013-12-12 09:31:55,2013-12-31 04:03:15,
453,"As far as food goes, local is just as important as organic.",approved,agreedisagree,3,1000,420,2013-12-12 09:33:01,2014-01-05 22:14:09,
454,Healthy eating is an elitist activity,approved,agreedisagree,6,1000,420,2013-12-12 09:33:45,2014-03-29 15:50:52,
455,I throw away food from my refrigerator at least once per week.,approved,agreedisagree,1,67,420,2013-12-12 09:34:39,2013-12-14 21:27:30,
456,How many meals per week do you consume meat?  ,approved,number,1,151,420,2013-12-12 09:35:28,2013-12-26 23:42:46,
457,Do you typically know the source of the meat you consume?,approved,yesno,11,1000,420,2013-12-12 09:36:22,2014-01-29 17:29:10,
458,What are you doing approving questions at this time of night/morning ! :),rejected,agreedisagree,0,2000000000,420,2013-12-12 09:37:50,2013-12-12 16:55:37,
459,Do you have snow tires on at least one vehicle?,approved,yesno,4,1000,420,2013-12-12 09:38:30,2014-01-02 12:18:58,
460,Do you do your own oil changes?,approved,yesno,3,1000,420,2013-12-12 09:38:51,2013-12-21 14:45:08,
461,Do you own more than five pairs of footwear?,approved,yesno,3,120,420,2013-12-12 09:39:35,2014-01-05 22:12:12,
462,Have you purchased any second hand clothing in the past twelve months?,approved,yesno,1,287,420,2013-12-12 09:40:02,2013-12-27 00:11:42,
463,Do you or does anyone in your household have a gym membership?,approved,yesno,0,1000,420,2013-12-12 09:41:08,2013-12-12 10:27:01,
464,Does anyone in your houshold smoke cigarettes?,approved,yesno,2,1000,420,2013-12-12 09:41:44,2014-01-20 02:45:48,
465,"Do you consume sugary beverages (soda, sports drinks, energy drinks, sweetened fruit juices) more than once per week? ",approved,yesno,4,1000,420,2013-12-12 09:43:15,2014-03-29 15:50:44,
466,Does anyone in your household suffer from an eating disorder?,approved,yesno,3,1000,420,2013-12-12 09:43:53,2014-01-03 03:25:42,
467,How many pints of Ben and Jerry's are in your freezer in a typical week?,approved,number,6,1000,420,2013-12-12 09:44:42,2014-01-25 01:22:07,
468,Have you ever met Ben or Jerry?,approved,yesno,6,1000,420,2013-12-12 09:45:11,2014-01-23 18:07:41,
469,Have you ever testified on legislation at the statehouse in Montpelier?,approved,yesno,5,185,420,2013-12-12 09:45:44,2014-01-03 03:29:50,
470,Do you consider yourself politically active?,approved,yesno,7,1000,420,2013-12-12 09:46:12,2014-01-20 01:10:15,
471,How many ceiling fans do you have in your home?,approved,number,1,1000,420,2013-12-12 09:47:49,2014-01-20 02:14:20,
472,How many alcholic drinks do you consume in a typical week?,approved,number,8,1000,420,2013-12-12 09:48:57,2014-01-20 02:35:28,
473,Prescription and Opiate addicion is one of the biggest problems facing Vermont.,approved,agreedisagree,15,217,420,2013-12-12 09:49:58,2014-02-14 20:13:46,
474,Do you have living family members elsewhere in Vermont?,approved,yesno,2,1000,420,2013-12-12 09:50:43,2013-12-30 21:12:38,
475,Do you have living family members within Chittenden County?,approved,yesno,2,136,420,2013-12-12 09:51:10,2014-01-06 16:20:24,
476,Do you own a landline (telephone)?,approved,yesno,2,222,420,2013-12-12 09:51:36,2014-01-03 17:34:39,
477,Do you have an answering machine?,approved,yesno,1,1000,420,2013-12-12 09:51:55,2013-12-15 13:48:44,
478,Do you own a record player?,approved,yesno,2,1000,420,2013-12-12 09:52:17,2014-01-03 03:25:57,
479,How many electric toothbrushes are in use in your household?,approved,number,2,44,420,2013-12-12 09:53:00,2014-01-20 03:55:41,
480,I pay too many taxes,approved,agreedisagree,3,112,420,2013-12-12 09:53:36,2014-01-05 22:12:08,
481,I have substantial debt from post-secondary education,approved,agreedisagree,5,1000,420,2013-12-12 09:54:22,2014-01-10 19:36:49,
482,Did you graduate high school or obtain a GED?,approved,yesno,2,1000,420,2013-12-12 09:55:15,2014-01-03 03:24:53,
483,How many years of school did you attend after high school?,approved,number,2,276,420,2013-12-12 09:55:51,2014-02-22 19:30:43,
484,Do you typically have a Christmas tree every year?,approved,yesno,5,279,420,2013-12-12 09:56:39,2014-01-18 16:27:04,
485,Do you consider yourself religious or spiritually minded?,approved,yesno,8,122,420,2013-12-12 09:57:10,2014-01-03 03:24:22,
486,Do you meditate?,approved,yesno,5,108,420,2013-12-12 09:57:35,2014-03-29 15:49:19,
487,How many siblings did you grow up with?,approved,number,6,1000,420,2013-12-12 09:58:45,2013-12-26 23:58:56,
488,Is english your first language?,approved,yesno,3,1000,420,2013-12-12 09:59:16,2014-03-29 15:45:58,
489,How many languages do you speak?,approved,number,4,245,420,2013-12-12 09:59:39,2014-01-25 01:21:26,
490,Have you had a conversation with someone who was not born in the United States at some point in the last 12 months?,approved,yesno,1,1000,420,2013-12-12 10:00:47,2013-12-19 14:14:48,
491,Do you have health insurance?,approved,yesno,2,1000,420,2013-12-12 10:01:26,2014-03-29 15:44:32,
492,Have you ever visited WWW.healthconnect.Vermont.gov?,approved,yesno,5,116,420,2013-12-12 10:02:36,2014-02-05 15:18:21,
493,"I am supportive of single payer, Universal healthcare",approved,agreedisagree,13,92,420,2013-12-12 10:03:15,2014-03-29 15:48:59,
494,Healthcare is a basic human right,approved,agreedisagree,5,265,420,2013-12-12 10:03:45,2014-02-14 20:11:30,
495,Post secondary education should be accessible to everyone regardless of income,approved,agreedisagree,3,1000,420,2013-12-12 10:05:16,2014-02-14 20:11:17,
496,I question whether a college degree is worth the associated debt,approved,agreedisagree,6,1000,420,2013-12-12 10:05:54,2014-03-29 15:44:02,
497,I think about energy consumption at least once per day,approved,agreedisagree,4,266,420,2013-12-12 10:07:05,2014-01-18 16:36:07,
498,I have more bathrooms in my house than I do household members.,approved,yesno,1,236,420,2013-12-12 10:07:52,2013-12-26 23:57:51,
499,I use powertools at least once per month,approved,yesno,2,247,420,2013-12-12 10:08:26,2013-12-19 02:06:05,
500,I have visited or taken part in online dating websites in the past three years,approved,yesno,8,1000,420,2013-12-12 10:09:34,2014-03-06 22:46:29,
501,Romantic encounters are enhanced with the aid of electronic gadgets,rejected,agreedisagree,3,1000,420,2013-12-12 10:10:22,2013-12-15 18:28:47,
502,I eat more than one serving of vegetables every day,approved,yesno,5,1000,420,2013-12-12 10:11:43,2014-01-03 03:24:57,
503,I typically have a plot in a community garden,approved,yesno,4,184,420,2013-12-12 10:12:31,2014-01-18 16:43:56,
504,I grow a portion of my own food,approved,yesno,0,1000,420,2013-12-12 10:13:01,2013-12-12 16:29:40,
505,Do you invest in the stock market?,approved,yesno,5,1000,420,2013-12-12 10:15:55,2014-03-21 16:29:37,
506,"Do you conduct at least 50% of your banking online? (bill pay, checking balances, transfers, deposits)",approved,yesno,1,86,420,2013-12-12 10:16:54,2013-12-27 00:23:37,
507,Have you made a purchase from a local bookstore in the past 12 months?,approved,yesno,3,1000,420,2013-12-12 10:17:59,2014-01-23 18:08:39,
508,Do you consider yourself an avid reader?,approved,yesno,3,1000,420,2013-12-12 10:18:40,2014-01-25 01:19:11,
509,Do you worry about retirement?,approved,yesno,5,1000,420,2013-12-12 10:19:23,2014-01-03 03:24:18,
510,Has anyone in your household been hospitalized in the past 12 months?,approved,yesno,1,91,420,2013-12-12 10:20:09,2013-12-27 00:15:06,
511,Do you visit a dentist at least twice a year?,approved,yesno,2,1000,420,2013-12-12 10:20:52,2014-01-03 03:32:43,
512,Have you eaten at more than three pizzerias on Saint Paul St. in Burlington?,approved,yesno,7,1000,420,2013-12-12 10:23:00,2014-02-05 15:05:38,
513,"Have you ever used acupuncture to treat pain, depression, addiction, or auto-immune disease?",approved,yesno,6,1000,420,2013-12-12 10:24:54,2014-03-29 15:43:32,
514,How many nights have you slept outdoors in the past 12 months?,approved,number,6,240,420,2013-12-12 10:25:36,2014-01-20 02:19:24,
515,Do you own more than three sets of long underwear?,approved,yesno,4,1000,420,2013-12-12 10:27:04,2014-01-03 03:29:23,
516,Do you work less than 40 hours per week?,approved,yesno,11,1000,420,2013-12-12 10:27:44,2014-02-22 19:23:54,
517,Does anyone in your household use a machine to help with sleep apnea?,approved,yesno,3,1000,420,2013-12-12 10:28:30,2014-01-25 01:22:19,
518,Do you have a smartphone with more than 10 apps on it?,approved,yesno,4,160,420,2013-12-12 10:29:23,2014-03-29 15:47:52,
519,"Do you recieve packages from UPS, Fed Ex, or USPS at least once per week?",approved,yesno,1,75,420,2013-12-12 10:31:10,2014-01-18 16:51:49,
520,I think about resource extraction in developing countries before purchasing electronics,approved,agreedisagree,7,138,420,2013-12-12 10:32:36,2014-03-29 15:49:12,
521,I have cleaned out the fan on my computer in an attempt to stop it from overheating,approved,yesno,12,1000,420,2013-12-12 10:33:23,2014-01-18 16:44:00,
522,"If your parents are living, do you speak with them at least once per week?",approved,yesno,30,238,420,2013-12-12 10:35:06,2014-02-12 22:02:53,
523,How many dogs do you own?,approved,number,5,94,420,2013-12-12 10:35:59,2014-01-20 04:23:33,
524,How many cats do you own?,approved,number,7,1000,420,2013-12-12 10:36:48,2014-01-28 16:21:44,
525,"Do you own a pet snake, other reptile, or spider that requires a heat source?",approved,yesno,4,1000,420,2013-12-12 10:37:53,2014-02-12 20:45:17,
526,Do you play boardgames at home?,approved,yesno,3,1000,420,2013-12-12 10:38:54,2014-01-03 03:29:15,
527,How many parties have you hosted in the past twelve months?,approved,number,7,1000,420,2013-12-12 10:39:44,2014-01-18 16:50:28,
528,How many days a week do you walk somewhere for recreation/exercise?,approved,number,6,1000,420,2013-12-12 10:40:35,2014-01-20 02:09:09,
529,"Do you support a tax on sugary beverages as a means of decreasing the rates of diabetes, obesity, and other health issues?",approved,yesno,6,1000,420,2013-12-12 10:42:11,2014-02-05 15:26:46,
530,"Do you own a "Smart" thermostat (Nest, Honeywell, etc.)",approved,yesno,5,152,420,2013-12-12 10:45:57,2014-01-07 21:00:49,
531,Do you ever shower with a partner to save water?,approved,yesno,6,1000,420,2013-12-12 10:46:41,2014-03-21 16:29:49,
532,"If I had the option of paying more for renewable sources of energy, I would.",approved,agreedisagree,3,1000,420,2013-12-12 10:47:44,2014-01-18 16:56:53,
533,"Were it not for my job and/or family, I would move to a warmer climate",approved,agreedisagree,7,1000,420,2013-12-12 10:48:45,2014-01-18 16:56:37,
534,I suffer from Raynaud's disease,approved,yesno,8,1000,420,2013-12-12 10:50:14,2014-01-29 20:13:36,
535,I donate at least 2% of my income to charity,approved,yesno,8,1000,420,2013-12-12 10:51:03,2014-03-29 15:47:56,
536,I suffer from poor circulation,approved,yesno,3,1000,420,2013-12-12 10:51:37,2014-01-03 03:33:42,
537,How many cups of coffee do you consume a day?,approved,number,2,1000,420,2013-12-12 10:52:24,2014-01-25 01:20:48,
538,Marijuana should move from decriminalization to legalization.,approved,agreedisagree,13,1000,420,2013-12-12 10:53:34,2014-01-20 02:36:39,
539,I try to eat foods that are in season locally,approved,agreedisagree,1,1000,420,2013-12-12 10:54:24,2014-01-10 19:38:52,
540,I support paid sick leave,approved,agreedisagree,8,186,420,2013-12-12 10:55:41,2014-02-05 15:53:58,
541,I have an addictive personality,approved,agreedisagree,10,1000,420,2013-12-12 10:56:14,2014-03-29 15:47:32,
542,I wear contact lenses,approved,yesno,5,1000,420,2013-12-12 10:56:56,2014-03-29 15:48:49,
543,Someone in my houshold spends at least 5 minutes applying makeup most days of the week.,approved,yesno,1,1000,420,2013-12-12 10:58:06,2013-12-15 14:10:00,
544,How many females over the age of twelve currently reside in your household?,approved,number,1,1000,420,2013-12-12 10:59:03,2014-01-28 14:51:15,
545,How many males currently reside in your household?,approved,number,0,215,420,2013-12-12 10:59:51,2013-12-12 16:25:16,
546,How many generations are represented in your household?,approved,number,5,1000,420,2013-12-12 11:00:50,2014-03-29 15:44:13,
547,Was anyone in your household alive during World War II?,approved,yesno,3,1000,420,2013-12-12 11:01:56,2014-01-20 02:36:04,
548,Was anyone in your household alive during the Vietnam War?,approved,yesno,2,1000,420,2013-12-12 11:02:44,2013-12-31 01:51:16,
549,Do you worry about the amount of energy you've consumed answering questions today?,approved,yesno,3,144,420,2013-12-12 11:03:45,2014-03-07 12:48:42,
550,Have you ever compared resource consumption of the United States with the rest of the globe by looking it up online?,approved,yesno,2,1000,420,2013-12-12 11:06:47,2014-01-03 03:28:48,
551,How many days per week does someone in your household cook eggs for breakfast?,approved,number,2,231,420,2013-12-12 11:07:48,2013-12-27 00:14:22,
552,Is anyone in your household gluten sensitive?,approved,yesno,4,1000,420,2013-12-12 11:08:52,2013-12-31 04:04:21,
553,How many months ago was the last time you visited a medical professional for a routine checkup/physical/preventative care?,approved,number,9,1000,420,2013-12-12 11:10:26,2014-01-25 01:20:52,
554,racism is still an ongoing problem in the United States,approved,agreedisagree,8,1000,420,2013-12-12 11:12:47,2014-03-02 03:00:02,
555,Fracking is not a safe method of obtaining natural gas for cheap energy,approved,agreedisagree,7,10,420,2013-12-12 11:13:48,2014-01-20 01:25:36,
556,"Apart from gasoline and food, are at least 50% of your dollars spent at local businesses?",approved,yesno,11,228,420,2013-12-12 11:15:28,2014-01-23 23:44:27,
557,Do you have rugs or carpets on 50% or more of your floors?,approved,yesno,0,1000,420,2013-12-12 11:19:38,2013-12-12 16:15:26,
558,"Do you brew your own beer, wine, mead, or hard cider?",approved,yesno,3,1000,420,2013-12-12 11:21:58,2014-01-03 03:32:35,
559,Do you have a gas fireplace?,approved,yesno,1,1000,562,2013-12-13 16:21:48,2014-01-03 23:57:37,
560,Have you received reimbursement for any energy efficiency measures done to your home by Vermont Gas?,approved,yesno,4,1000,573,2013-12-14 15:42:52,2014-01-03 03:27:28,
561,Have you used Efficiency Vermont for any energy efficiency measures in your home?,approved,yesno,2,1000,573,2013-12-14 15:44:03,2013-12-19 16:34:20,
562,"What percentage of the time do you bring your own, re-usable bags to the grocery store?",approved,number,2,195,573,2013-12-14 15:45:20,2013-12-27 00:26:10,
563,I am more energy efficiency conscious than the average American.,approved,agreedisagree,4,252,573,2013-12-14 15:46:33,2014-01-18 16:42:05,
564,I am more energy conscious than the average Vermonter.,approved,agreedisagree,3,43,573,2013-12-14 15:46:59,2014-01-18 16:44:04,
565,How recently (in years) were your windows purchased?,approved,number,23,1000,578,2013-12-14 18:45:35,2014-02-14 20:09:59,
566,Do you have an irrigation system,approved,yesno,3,1000,577,2013-12-14 21:58:26,2013-12-31 03:55:48,
567,Do you own a pool?,approved,yesno,0,1000,577,2013-12-14 21:58:44,2013-12-14 22:34:37,
568,"Do you use any electrical tools (lawn mower, blower, trimmer, etc) to maintain your yard?",approved,yesno,9,1000,577,2013-12-14 21:59:56,2014-02-16 15:40:25,
569,Do you have a dedicated beer fridge or kegerator?,approved,yesno,2,1000,577,2013-12-14 22:00:24,2013-12-19 16:48:59,
570,Do you ever walk or bicycle to the grocery store?,approved,yesno,0,117,420,2013-12-14 22:37:54,2013-12-15 15:54:21,
571,"Do you ever bring empty containers, jars, etc. for reuse when you go grocery shopping?",approved,yesno,2,1000,420,2013-12-14 22:39:20,2014-01-03 03:22:18,
572,"If you wanted to, could you find out exactly how much power you were using right now (kW)?",approved,yesno,7,239,588,2013-12-15 03:57:40,2014-01-11 20:25:02,
573,Can you control any devices in your household remotely via your smart phone?,approved,yesno,7,1000,588,2013-12-15 03:58:46,2014-01-25 01:18:39,
574,Shifting to generating our power from renewable sources is essential to reducing global warming.,approved,agreedisagree,8,1000,573,2013-12-15 14:05:45,2014-02-14 20:09:43,
575,To shift completely away from fossil fuels for electric generation will require more nuclear power.,approved,agreedisagree,10,254,573,2013-12-15 14:06:40,2014-02-05 15:51:20,
576,"If my power company offered a lower rate for late evening electric use, I would shift my use of appliances like clothes dryers to those hours to save money.",approved,agreedisagree,5,1000,573,2013-12-15 14:09:18,2014-02-14 18:25:05,
577,Large scale wind power is an important part of the solution to global warming.,approved,agreedisagree,5,1000,573,2013-12-15 14:10:38,2014-02-14 20:12:40,
578,I participate in "net metering" where I have installed renewable energy in my home or business and run my meter backwards.,approved,yesno,11,1000,573,2013-12-15 14:11:42,2014-03-07 12:52:30,
579,People will reduce electric usage voluntarily (without incentives) if they are given enough information about how and why.,approved,agreedisagree,3,1000,573,2013-12-15 14:15:41,2014-01-23 18:07:24,
580,"It will take incentives, like time-of-use rates, to get people to change their electric consumption.",approved,agreedisagree,4,1000,573,2013-12-15 14:16:44,2014-01-18 16:55:07,
581,Do you know where to call to get an energy audit of your home or business?,approved,yesno,0,1000,573,2013-12-15 14:18:07,2013-12-15 15:54:34,
582,Do you heat your garage ?,approved,yesno,28,1000,48,2013-12-15 14:39:18,2014-03-05 03:02:02,
583,Do you own a gun?,approved,yesno,5,170,573,2013-12-15 15:03:03,2014-01-25 01:20:40,
584,Do you hunt?,approved,yesno,1,296,573,2013-12-15 15:03:15,2014-03-21 16:29:16,
585,Has your house been the target of a burglary or attempted burglary within the past five years?,approved,yesno,4,226,573,2013-12-15 15:04:03,2014-01-03 03:24:15,
586,Does your employer or company have an environmental policy?,approved,yesno,24,1000,573,2013-12-15 15:04:47,2014-02-22 19:04:25,
587,It is too late to solve the problem of global warming.,approved,agreedisagree,5,1000,573,2013-12-15 15:05:34,2014-01-10 19:28:44,
588,My actions can make a meaningful difference to address the problem of global warming.,approved,agreedisagree,3,1000,573,2013-12-15 15:06:28,2014-01-05 22:13:50,
589,Vermont public policies to reduce green house gas emissions can have a meaningful impact on the problem of global warming.,approved,agreedisagree,7,285,573,2013-12-15 15:07:30,2014-01-20 23:12:58,
590,How many times a week do you go to the grocery store?,approved,number,1,156,573,2013-12-15 15:08:16,2014-01-09 16:03:07,
591,Does your employer or company have a policy that allows telecommuting or working at home? 1=Yes 2=No 3=Not applicable,rejected,number,6,1000,573,2013-12-15 15:10:30,2013-12-19 17:36:34,
592,Do you believe that purchasing local products saves energy in every case?,approved,yesno,8,73,111,2013-12-15 15:32:48,2014-01-24 00:17:51,
593,Is most the paperwork you get from your health insurance company confusing and a waste of energy?,rejected,yesno,0,2000000000,111,2013-12-15 15:38:00,2013-12-15 15:55:40,
594,Could you live without the advertising flyers delivered automatically to your house by the Burlington Free Press?      ,approved,yesno,6,1000,111,2013-12-15 15:41:16,2014-01-25 01:21:31,
595,Is it possible to consider all the time local stations spend reporting weather a waste of energy??,rejected,yesno,0,2000000000,111,2013-12-15 15:45:28,2013-12-15 15:55:33,
596,Are the top portions of your double-hung windows painted shut or otherwise prevented from sliding easily?,approved,yesno,15,204,111,2013-12-15 15:49:11,2014-02-12 21:17:44,
597,Do you pipe air directly to your woodstove or fireplace  from the outside?,approved,yesno,47,1000,111,2013-12-15 15:55:04,2014-02-22 19:18:35,
598,Do you know how to adjust double-hung/storm window installations to appropriately ventilate your house without undo drafts and to minimize energy consumptionm?,approved,yesno,11,1000,111,2013-12-15 15:57:23,2014-03-09 15:05:55,
599,How large a proportion of your health insurance costs end up being spent on extravagent wastes of energy by rich executives and stock-holders?,rejected,number,0,2000000000,111,2013-12-15 16:00:15,2013-12-15 16:04:26,
600,Do you use indoor clothes racks in the winter?,approved,yesno,0,1000,607,2013-12-16 00:57:16,2013-12-16 12:05:58,
601,Do you have long hair?,approved,yesno,9,1000,335,2013-12-16 02:41:09,2014-02-05 15:17:03,
602,How often do you get a haircut in a year?,approved,number,6,278,335,2013-12-16 02:41:51,2014-01-28 16:39:37,
603,Do you homeschool?,approved,yesno,11,1000,335,2013-12-16 02:42:38,2014-01-18 01:16:20,
604,Do you work at home?,approved,yesno,6,1000,335,2013-12-16 02:42:54,2013-12-30 20:49:28,
605,Do you play a string instrument?,approved,yesno,3,1000,335,2013-12-16 02:43:25,2014-01-03 03:23:58,
606,How many times each week do you eat dessert?,approved,number,6,1000,335,2013-12-16 02:43:56,2014-03-28 12:20:25,
607,Do all the vehicles you drive average 30 mpg?,rejected,yesno,0,2000000000,335,2013-12-16 02:44:43,2013-12-16 12:04:33,
608,Do you attempt to do your own home repairs?,approved,yesno,6,1000,335,2013-12-16 02:45:18,2014-02-14 18:17:34,
609,Is your foundation insulated?,approved,yesno,19,218,335,2013-12-16 02:45:57,2014-02-14 18:23:50,
610,"If you own a dog, how big is it? 0=no dog, 1=less than 50 lbs, 2=50 lbs or more",approved,number,26,1000,573,2013-12-16 15:50:41,2014-02-22 19:22:40,
611,Do you work indoors or outdoors most of the time? 1=indoors; 2=outdoors; 3=I don't work,rejected,number,0,2000000000,573,2013-12-16 15:52:14,2013-12-16 16:15:48,
612,How many books did you read in 2013?,approved,number,8,1000,573,2013-12-16 15:54:22,2014-01-25 01:18:44,
613,How many times did you go out to a movie theatre in 2013?,approved,number,4,1000,573,2013-12-16 15:55:02,2014-01-25 01:20:31,
614,How many charities did you give money to in 2013?,approved,number,7,1000,573,2013-12-16 15:56:07,2014-01-18 01:02:21,
615,I am as generous with charitable contributions as I am able to be within my means.,rejected,agreedisagree,0,2000000000,573,2013-12-16 15:56:54,2013-12-16 16:17:08,
616,"Do you consider yourself more generous, less generous or equally generous in giving to charity as other Vermonters? 0=less; 1=equal; 2=more",rejected,number,0,2000000000,573,2013-12-16 15:58:08,2013-12-16 16:15:43,
617,How much is the largest donation you have ever made to a non-profit organization?,rejected,number,0,2000000000,573,2013-12-16 15:58:41,2013-12-16 16:16:51,
618,"Have you considered donating rarely used possessions or clothing to COTs, VRRP, or FPF members?",rejected,yesno,0,2000000000,637,2013-12-18 02:55:19,2013-12-18 11:57:58,
619,What temperature do you keep your home at in the winter (while you're home)?,approved,number,0,199,644,2013-12-19 02:02:49,2013-12-19 11:21:59,
620,"When you stop using your computer, do you shut the power off instaed of 'putting it to sleep'?",approved,yesno,1,1000,648,2013-12-19 16:39:49,2014-01-25 01:21:37,
621,Do you set a budget for household expenses and adhere to it?,approved,yesno,1,1000,402,2013-12-21 14:53:12,2014-01-18 16:54:33,
622,Do you turn off the breaker on your electric hot water tank when your household will be away from home for a few days?,approved,yesno,16,174,712,2013-12-29 23:08:51,2014-02-14 18:18:48,
623,Do you regularly open your drapes or blinds for light rather than turning on a lamp or light fixture?,approved,yesno,0,1000,740,2014-01-03 17:42:45,2014-01-03 19:46:14,
624,Do you rent your living space?,approved,yesno,1,1000,740,2014-01-03 17:43:23,2014-02-14 21:26:18,
625,Should you drive your children to school when they could take the bus?,approved,agreedisagree,11,1000,724,2014-01-05 16:41:17,2014-02-22 19:06:53,
626,Do you consider how much gas you will use when planning errands or outings?,approved,agreedisagree,3,1000,775,2014-01-08 02:52:16,2014-01-25 01:22:16,
627,Do you feel that information on reducing energy use is easily accessible in Vermont?,approved,agreedisagree,1,1000,775,2014-01-08 02:53:29,2014-01-23 23:36:28,
628,How many hours per month do you work from home (on average)?,approved,number,5,1000,786,2014-01-11 21:31:07,2014-02-22 19:07:56,
629,"If someone else in your household works from home, how many hours per month do they work from home (on average)?",approved,number,18,1000,786,2014-01-11 21:33:10,2014-02-05 15:46:56,
630,How many days a week do you shower? ,approved,number,0,1000,491,2014-01-15 00:29:26,2014-01-15 12:34:45,
631,Do you have a motorized garage door opener?,approved,yesno,0,255,809,2014-01-20 23:22:14,2014-01-21 01:27:58,
632,How much more efficient are LED lightbulbs than CF lightbulbs of equivalent brightness?,rejected,number,0,2000000000,803,2014-01-21 17:11:08,2014-01-21 19:07:43,
633,Do you own a laptop/notebook computer?,approved,yesno,0,1000,578,2014-02-01 00:42:50,2014-02-01 01:43:59,
634,"If you had had a choice, would you have made your home more energy efficient?",approved,agreedisagree,0,1000,850,2014-02-12 22:37:30,2014-02-13 11:34:38,
635,Do you have a home area network?,approved,yesno,0,1000,11,2014-02-21 03:59:34,2014-02-21 11:12:22,
636, If BED paid for all or part of it would you install one?,rejected,yesno,0,2000000000,11,2014-02-21 04:01:56,2014-02-21 11:12:15,
